81649,"",9.3,C-High,10.206.3.142,tcp,8098,Apache Tomcat 6.0.x < 6.0.43 Multiple Vulnerabilities ,"","","","","",""
11138,"",5,B-Medium,10.207.222.94,udp,1604,Citrix Published Applications Remote Enumeration,"","","","","",""
11138,"",5,B-Medium,10.207.222.94,udp,1604,Citrix Published Applications Remote Enumeration,"","","","","",""
11138,"",5,B-Medium,10.207.222.94,udp,1604,Citrix Published Applications Remote Enumeration,"","","","","",""
11138,"",5,B-Medium,10.207.222.94,udp,1604,Citrix Published Applications Remote Enumeration,"","","","","",""
11138,"",5,B-Medium,10.207.222.94,udp,1604,Citrix Published Applications Remote Enumeration,"","","","","",""
11138,"",5,B-Medium,10.207.222.94,udp,1604,Citrix Published Applications Remote Enumeration,"","","","","",""
11138,"",5,B-Medium,10.207.222.94,udp,1604,Citrix Published Applications Remote Enumeration,"","","","","",""
11138,"",5,B-Medium,10.207.222.94,udp,1604,Citrix Published Applications Remote Enumeration,"","","","","",""
11138,"",5,B-Medium,10.207.222.94,udp,1604,Citrix Published Applications Remote Enumeration,"","","","","",""
11138,"",5,B-Medium,10.207.222.94,udp,1604,Citrix Published Applications Remote Enumeration,"","","","","",""
11138,"",5,B-Medium,10.207.222.94,udp,1604,Citrix Published Applications Remote Enumeration,"","","","","",""
11138,"",5,B-Medium,10.207.222.94,udp,1604,Citrix Published Applications Remote Enumeration,"","","","","",""
12217,"",5,B-Medium,10.207.222.11,udp,53,DNS Server Cache Snooping Remote Information Disclosure,"","","","","",""
38206,"",10,D-Critical,10.206.10.246,tcp,7144,EMC RepliStor < 6.2 SP5/6.3 SP2 Multiple Heap Overflows,"","","","","",""
94654,"",10,D-Critical,10.206.10.21,tcp,2381,HP System Management Homepage outdated version with Multiple Vulnerabilities,"","","","","",""
94654,"",10,D-Critical,10.206.10.21,tcp,2381,HP System Management Homepage outdated version with Multiple Vulnerabilities,"","","","","",""
94654,"",10,D-Critical,10.206.10.21,tcp,2381,HP System Management Homepage outdated version with Multiple Vulnerabilities,"","","","","",""
94654,"",10,D-Critical,10.206.10.21,tcp,2381,HP System Management Homepage outdated version with Multiple Vulnerabilities,"","","","","",""
94654,"",10,D-Critical,10.206.10.21,tcp,2381,HP System Management Homepage outdated version with Multiple Vulnerabilities,"","","","","",""
94654,"",10,D-Critical,10.206.10.21,tcp,2381,HP System Management Homepage outdated version with Multiple Vulnerabilities,"","","","","",""
94654,"",10,D-Critical,10.206.10.21,tcp,2381,HP System Management Homepage outdated version with Multiple Vulnerabilities,"","","","","",""
94654,"",10,D-Critical,10.206.10.21,tcp,2381,HP System Management Homepage outdated version with Multiple Vulnerabilities,"","","","","",""
94654,"",10,D-Critical,10.206.10.21,tcp,2381,HP System Management Homepage outdated version with Multiple Vulnerabilities,"","","","","",""
94654,"",10,D-Critical,10.206.10.21,tcp,2381,HP System Management Homepage outdated version with Multiple Vulnerabilities,"","","","","",""
94654,"",10,D-Critical,10.206.10.21,tcp,2381,HP System Management Homepage outdated version with Multiple Vulnerabilities,"","","","","",""
94654,"",10,D-Critical,10.206.10.21,tcp,2381,HP System Management Homepage outdated version with Multiple Vulnerabilities,"","","","","",""
94654,"",10,D-Critical,10.206.10.21,tcp,2381,HP System Management Homepage outdated version with Multiple Vulnerabilities,"","","","","",""
94654,"",10,D-Critical,10.206.10.21,tcp,2381,HP System Management Homepage outdated version with Multiple Vulnerabilities,"","","","","",""
94654,"",10,D-Critical,10.206.10.21,tcp,2381,HP System Management Homepage outdated version with Multiple Vulnerabilities,"","","","","",""
94654,"",10,D-Critical,10.206.10.21,tcp,2381,HP System Management Homepage outdated version with Multiple Vulnerabilities,"","","","","",""
94654,"",10,D-Critical,10.206.10.21,tcp,2381,HP System Management Homepage outdated version with Multiple Vulnerabilities,"","","","","",""
94654,"",10,D-Critical,10.206.10.21,tcp,2381,HP System Management Homepage outdated version with Multiple Vulnerabilities,"","","","","",""
94654,"",10,D-Critical,10.206.10.21,tcp,2381,HP System Management Homepage outdated version with Multiple Vulnerabilities,"","","","","",""
94654,"",10,D-Critical,10.206.10.21,tcp,2381,HP System Management Homepage outdated version with Multiple Vulnerabilities,"","","","","",""
94654,"",10,D-Critical,10.206.10.21,tcp,2381,HP System Management Homepage outdated version with Multiple Vulnerabilities,"","","","","",""
94654,"",10,D-Critical,10.206.10.21,tcp,2381,HP System Management Homepage outdated version with Multiple Vulnerabilities,"","","","","",""
94654,"",10,D-Critical,10.206.10.21,tcp,2381,HP System Management Homepage outdated version with Multiple Vulnerabilities,"","","","","",""
94654,"",10,D-Critical,10.206.10.21,tcp,2381,HP System Management Homepage outdated version with Multiple Vulnerabilities,"","","","","",""
94654,"",10,D-Critical,10.206.10.21,tcp,2381,HP System Management Homepage outdated version with Multiple Vulnerabilities,"","","","","",""
94654,"",10,D-Critical,10.206.10.21,tcp,2381,HP System Management Homepage outdated version with Multiple Vulnerabilities,"","","","","",""
94654,"",10,D-Critical,10.206.10.21,tcp,2381,HP System Management Homepage outdated version with Multiple Vulnerabilities,"","","","","",""
94654,"",10,D-Critical,10.206.10.21,tcp,2381,HP System Management Homepage outdated version with Multiple Vulnerabilities,"","","","","",""
94654,"",10,D-Critical,10.206.10.21,tcp,2381,HP System Management Homepage outdated version with Multiple Vulnerabilities,"","","","","",""
94654,"",10,D-Critical,10.206.10.21,tcp,2381,HP System Management Homepage outdated version with Multiple Vulnerabilities,"","","","","",""
94654,"",10,D-Critical,10.206.10.21,tcp,2381,HP System Management Homepage outdated version with Multiple Vulnerabilities,"","","","","",""
94654,"",10,D-Critical,10.206.10.21,tcp,2381,HP System Management Homepage outdated version with Multiple Vulnerabilities,"","","","","",""
94654,"",10,D-Critical,10.206.10.21,tcp,2381,HP System Management Homepage outdated version with Multiple Vulnerabilities,"","","","","",""
94654,"",10,D-Critical,10.206.10.21,tcp,2381,HP System Management Homepage outdated version with Multiple Vulnerabilities,"","","","","",""
94654,"",10,D-Critical,10.206.10.21,tcp,2381,HP System Management Homepage outdated version with Multiple Vulnerabilities,"","","","","",""
11213,"",5,B-Medium,10.207.222.56,tcp,80,HTTP TRACE / TRACK Methods Allowed,"","","","","",""
11213,"",5,B-Medium,10.207.222.56,tcp,80,HTTP TRACE / TRACK Methods Allowed,"","","","","",""
51841,"",10,D-Critical,10.206.10.170,tcp,523,IBM DB2 9.5 < Fix Pack 10 Multiple Vulnerabilities,"","","","","",""
51841,"",10,D-Critical,10.206.10.170,tcp,523,IBM DB2 9.5 < Fix Pack 10 Multiple Vulnerabilities,"","","","","",""
62694,"",5,B-Medium,10.207.5.250,udp,500,Internet Key Exchange (IKE) Aggressive Mode with Pre-Shared Key,"","","","","",""
10722,"",5,B-Medium,10.207.222.187,tcp,389,LDAP NULL BASE Search Access,"","","","","",""
10722,"",5,B-Medium,10.207.222.187,tcp,389,LDAP NULL BASE Search Access,"","","","","",""
10722,"",5,B-Medium,10.207.222.187,tcp,389,LDAP NULL BASE Search Access,"","","","","",""
10722,"",5,B-Medium,10.207.222.187,tcp,389,LDAP NULL BASE Search Access,"","","","","",""
10722,"",5,B-Medium,10.207.222.187,tcp,389,LDAP NULL BASE Search Access,"","","","","",""
10722,"",5,B-Medium,10.207.222.187,tcp,389,LDAP NULL BASE Search Access,"","","","","",""
10722,"",5,B-Medium,10.207.222.187,tcp,389,LDAP NULL BASE Search Access,"","","","","",""
10722,"",5,B-Medium,10.207.222.187,tcp,389,LDAP NULL BASE Search Access,"","","","","",""
10722,"",5,B-Medium,10.207.222.187,tcp,389,LDAP NULL BASE Search Access,"","","","","",""
10722,"",5,B-Medium,10.207.222.187,tcp,389,LDAP NULL BASE Search Access,"","","","","",""
10722,"",5,B-Medium,10.207.222.187,tcp,389,LDAP NULL BASE Search Access,"","","","","",""
10722,"",5,B-Medium,10.207.222.187,tcp,389,LDAP NULL BASE Search Access,"","","","","",""
10722,"",5,B-Medium,10.207.222.187,tcp,389,LDAP NULL BASE Search Access,"","","","","",""
11808,"",10,D-Critical,10.207.222.56,tcp,445,MS03-026: Microsoft RPC Interface Buffer Overrun ,"","","","","",""
11835,"",10,D-Critical,10.207.222.56,tcp,445,MS03-039: Microsoft RPC Interface Buffer Overrun ,"","","","","",""
11890,"",10,D-Critical,10.207.222.56,udp,135,MS03-043: Buffer Overrun in Messenger Service ,"","","","","",""
12054,"",10,D-Critical,10.207.222.56,tcp,445,MS04-007: ASN.1 Vulnerability Could Allow Code Execution ,"","","","","",""
12209,"",10,D-Critical,10.207.222.56,tcp,445,MS04-011: Security Update for Microsoft Windows ,"","","","","",""
21655,"",10,D-Critical,10.207.222.56,tcp,135,MS04-012: Cumulative Update for Microsoft RPC/DCOM ,"","","","","",""
13852,"",10,D-Critical,10.207.222.56,tcp,1046,MS04-022: Microsoft Windows Task Scheduler Remote Overflow ,"","","","","",""
13852,"",10,D-Critical,10.207.222.56,tcp,1046,MS04-022: Microsoft Windows Task Scheduler Remote Overflow ,"","","","","",""
18502,"",10,D-Critical,10.207.222.56,tcp,445,MS05-027: Vulnerability in SMB Could Allow Remote Code Execution ,"","","","","",""
19408,"",10,D-Critical,10.207.222.56,tcp,445,MS05-039: Vulnerability in Plug and Play Service Could Allow Remote Code Execution ,"","","","","",""
19407,"",10,D-Critical,10.207.222.56,tcp,445,MS05-043: Vulnerability in Printer Spooler Service Could Allow Remote Code Execution ,"","","","","",""
21193,"",10,D-Critical,10.207.222.56,tcp,445,MS05-047: Plug and Play Remote Code Execution and Local Privilege Elevation ,"","","","","",""
20008,"",10,D-Critical,10.207.222.56,tcp,1032,MS05-051: Vulnerabilities in MSDTC Could Allow Remote Code Execution ,"","","","","",""
20008,"",10,D-Critical,10.207.222.56,tcp,1032,MS05-051: Vulnerabilities in MSDTC Could Allow Remote Code Execution ,"","","","","",""
20008,"",10,D-Critical,10.207.222.56,tcp,1032,MS05-051: Vulnerabilities in MSDTC Could Allow Remote Code Execution ,"","","","","",""
21334,"",10,D-Critical,10.207.222.56,tcp,1032,MS06-018: Vulnerability in Microsoft Distributed Transaction Coordinator Could Allow DoS ,"","","","","",""
21334,"",10,D-Critical,10.207.222.56,tcp,1032,MS06-018: Vulnerability in Microsoft Distributed Transaction Coordinator Could Allow DoS ,"","","","","",""
21334,"",10,D-Critical,10.207.222.56,tcp,1032,MS06-018: Vulnerability in Microsoft Distributed Transaction Coordinator Could Allow DoS ,"","","","","",""
22034,"",7.5,C-High,10.207.222.56,tcp,445,MS06-035: Vulnerability in Server Service Could Allow Remote Code Execution ,"","","","","",""
22034,"",7.5,C-High,10.207.222.56,tcp,445,MS06-035: Vulnerability in Server Service Could Allow Remote Code Execution ,"","","","","",""
22194,"",10,D-Critical,10.207.222.56,tcp,445,MS06-040: Vulnerability in Server Service Could Allow Remote Code Execution ,"","","","","",""
34477,"",10,D-Critical,10.207.222.57,tcp,445,MS08-067: Microsoft Windows Server Service Crafted RPC Request Handling Remote Code Execution ,"","","","","",""
34477,"",10,D-Critical,10.207.222.57,tcp,445,MS08-067: Microsoft Windows Server Service Crafted RPC Request Handling Remote Code Execution ,"","","","","",""
34477,"",10,D-Critical,10.207.222.57,tcp,445,MS08-067: Microsoft Windows Server Service Crafted RPC Request Handling Remote Code Execution ,"","","","","",""
34477,"",10,D-Critical,10.207.222.57,tcp,445,MS08-067: Microsoft Windows Server Service Crafted RPC Request Handling Remote Code Execution ,"","","","","",""
35362,"",10,D-Critical,10.207.222.57,tcp,445,MS09-001: Microsoft Windows SMB Vulnerabilities Remote Code Execution ,"","","","","",""
35362,"",10,D-Critical,10.207.222.57,tcp,445,MS09-001: Microsoft Windows SMB Vulnerabilities Remote Code Execution ,"","","","","",""
35362,"",10,D-Critical,10.207.222.57,tcp,445,MS09-001: Microsoft Windows SMB Vulnerabilities Remote Code Execution ,"","","","","",""
35362,"",10,D-Critical,10.207.222.57,tcp,445,MS09-001: Microsoft Windows SMB Vulnerabilities Remote Code Execution ,"","","","","",""
35362,"",10,D-Critical,10.207.222.57,tcp,445,MS09-001: Microsoft Windows SMB Vulnerabilities Remote Code Execution ,"","","","","",""
35362,"",10,D-Critical,10.207.222.57,tcp,445,MS09-001: Microsoft Windows SMB Vulnerabilities Remote Code Execution ,"","","","","",""
35362,"",10,D-Critical,10.207.222.57,tcp,445,MS09-001: Microsoft Windows SMB Vulnerabilities Remote Code Execution ,"","","","","",""
35362,"",10,D-Critical,10.207.222.57,tcp,445,MS09-001: Microsoft Windows SMB Vulnerabilities Remote Code Execution ,"","","","","",""
35362,"",10,D-Critical,10.207.222.57,tcp,445,MS09-001: Microsoft Windows SMB Vulnerabilities Remote Code Execution ,"","","","","",""
35362,"",10,D-Critical,10.207.222.57,tcp,445,MS09-001: Microsoft Windows SMB Vulnerabilities Remote Code Execution ,"","","","","",""
35362,"",10,D-Critical,10.207.222.57,tcp,445,MS09-001: Microsoft Windows SMB Vulnerabilities Remote Code Execution ,"","","","","",""
35362,"",10,D-Critical,10.207.222.57,tcp,445,MS09-001: Microsoft Windows SMB Vulnerabilities Remote Code Execution ,"","","","","",""
35362,"",10,D-Critical,10.207.222.57,tcp,445,MS09-001: Microsoft Windows SMB Vulnerabilities Remote Code Execution ,"","","","","",""
35362,"",10,D-Critical,10.207.222.57,tcp,445,MS09-001: Microsoft Windows SMB Vulnerabilities Remote Code Execution ,"","","","","",""
35362,"",10,D-Critical,10.207.222.57,tcp,445,MS09-001: Microsoft Windows SMB Vulnerabilities Remote Code Execution ,"","","","","",""
35362,"",10,D-Critical,10.207.222.57,tcp,445,MS09-001: Microsoft Windows SMB Vulnerabilities Remote Code Execution ,"","","","","",""
35362,"",10,D-Critical,10.207.222.57,tcp,445,MS09-001: Microsoft Windows SMB Vulnerabilities Remote Code Execution ,"","","","","",""
51956,"",10,D-Critical,10.207.222.25,tcp,21,MS11-004: Vulnerability in Internet Information Services (IIS),"","","","","",""
51956,"",10,D-Critical,10.207.222.25,tcp,21,MS11-004: Vulnerability in Internet Information Services (IIS),"","","","","",""
51956,"",10,D-Critical,10.207.222.25,tcp,21,MS11-004: Vulnerability in Internet Information Services (IIS),"","","","","",""
51956,"",10,D-Critical,10.207.222.25,tcp,21,MS11-004: Vulnerability in Internet Information Services (IIS),"","","","","",""
58435,"",9.3,C-High,10.207.222.83,tcp,3389,MS12-020: Vulnerabilities in Remote Desktop Could Allow Remote Code Execution ,"","","","","",""
58435,"",9.3,C-High,10.207.222.83,tcp,3389,MS12-020: Vulnerabilities in Remote Desktop Could Allow Remote Code Execution ,"","","","","",""
58435,"",9.3,C-High,10.207.222.83,tcp,3389,MS12-020: Vulnerabilities in Remote Desktop Could Allow Remote Code Execution ,"","","","","",""
58435,"",9.3,C-High,10.207.222.83,tcp,3389,MS12-020: Vulnerabilities in Remote Desktop Could Allow Remote Code Execution ,"","","","","",""
58435,"",9.3,C-High,10.207.222.83,tcp,3389,MS12-020: Vulnerabilities in Remote Desktop Could Allow Remote Code Execution ,"","","","","",""
58435,"",9.3,C-High,10.207.222.83,tcp,3389,MS12-020: Vulnerabilities in Remote Desktop Could Allow Remote Code Execution ,"","","","","",""
58435,"",9.3,C-High,10.207.222.83,tcp,3389,MS12-020: Vulnerabilities in Remote Desktop Could Allow Remote Code Execution ,"","","","","",""
58435,"",9.3,C-High,10.207.222.83,tcp,3389,MS12-020: Vulnerabilities in Remote Desktop Could Allow Remote Code Execution ,"","","","","",""
58435,"",9.3,C-High,10.207.222.83,tcp,3389,MS12-020: Vulnerabilities in Remote Desktop Could Allow Remote Code Execution ,"","","","","",""
58435,"",9.3,C-High,10.207.222.83,tcp,3389,MS12-020: Vulnerabilities in Remote Desktop Could Allow Remote Code Execution ,"","","","","",""
58435,"",9.3,C-High,10.207.222.83,tcp,3389,MS12-020: Vulnerabilities in Remote Desktop Could Allow Remote Code Execution ,"","","","","",""
58435,"",9.3,C-High,10.207.222.83,tcp,3389,MS12-020: Vulnerabilities in Remote Desktop Could Allow Remote Code Execution ,"","","","","",""
58435,"",9.3,C-High,10.207.222.83,tcp,3389,MS12-020: Vulnerabilities in Remote Desktop Could Allow Remote Code Execution ,"","","","","",""
58435,"",9.3,C-High,10.207.222.83,tcp,3389,MS12-020: Vulnerabilities in Remote Desktop Could Allow Remote Code Execution ,"","","","","",""
58435,"",9.3,C-High,10.207.222.83,tcp,3389,MS12-020: Vulnerabilities in Remote Desktop Could Allow Remote Code Execution ,"","","","","",""
58435,"",9.3,C-High,10.207.222.83,tcp,3389,MS12-020: Vulnerabilities in Remote Desktop Could Allow Remote Code Execution ,"","","","","",""
58435,"",9.3,C-High,10.207.222.83,tcp,3389,MS12-020: Vulnerabilities in Remote Desktop Could Allow Remote Code Execution ,"","","","","",""
58435,"",9.3,C-High,10.207.222.83,tcp,3389,MS12-020: Vulnerabilities in Remote Desktop Could Allow Remote Code Execution ,"","","","","",""
58435,"",9.3,C-High,10.207.222.83,tcp,3389,MS12-020: Vulnerabilities in Remote Desktop Could Allow Remote Code Execution ,"","","","","",""
58435,"",9.3,C-High,10.207.222.83,tcp,3389,MS12-020: Vulnerabilities in Remote Desktop Could Allow Remote Code Execution ,"","","","","",""
58435,"",9.3,C-High,10.207.222.83,tcp,3389,MS12-020: Vulnerabilities in Remote Desktop Could Allow Remote Code Execution ,"","","","","",""
58435,"",9.3,C-High,10.207.222.83,tcp,3389,MS12-020: Vulnerabilities in Remote Desktop Could Allow Remote Code Execution ,"","","","","",""
58435,"",9.3,C-High,10.207.222.83,tcp,3389,MS12-020: Vulnerabilities in Remote Desktop Could Allow Remote Code Execution ,"","","","","",""
58435,"",9.3,C-High,10.207.222.83,tcp,3389,MS12-020: Vulnerabilities in Remote Desktop Could Allow Remote Code Execution ,"","","","","",""
58435,"",9.3,C-High,10.207.222.83,tcp,3389,MS12-020: Vulnerabilities in Remote Desktop Could Allow Remote Code Execution ,"","","","","",""
58435,"",9.3,C-High,10.207.222.83,tcp,3389,MS12-020: Vulnerabilities in Remote Desktop Could Allow Remote Code Execution ,"","","","","",""
58435,"",9.3,C-High,10.207.222.83,tcp,3389,MS12-020: Vulnerabilities in Remote Desktop Could Allow Remote Code Execution ,"","","","","",""
58435,"",9.3,C-High,10.207.222.83,tcp,3389,MS12-020: Vulnerabilities in Remote Desktop Could Allow Remote Code Execution ,"","","","","",""
58435,"",9.3,C-High,10.207.222.83,tcp,3389,MS12-020: Vulnerabilities in Remote Desktop Could Allow Remote Code Execution ,"","","","","",""
58435,"",9.3,C-High,10.207.222.83,tcp,3389,MS12-020: Vulnerabilities in Remote Desktop Could Allow Remote Code Execution ,"","","","","",""
58435,"",9.3,C-High,10.207.222.83,tcp,3389,MS12-020: Vulnerabilities in Remote Desktop Could Allow Remote Code Execution ,"","","","","",""
58435,"",9.3,C-High,10.207.222.83,tcp,3389,MS12-020: Vulnerabilities in Remote Desktop Could Allow Remote Code Execution ,"","","","","",""
58435,"",9.3,C-High,10.207.222.83,tcp,3389,MS12-020: Vulnerabilities in Remote Desktop Could Allow Remote Code Execution ,"","","","","",""
58435,"",9.3,C-High,10.207.222.83,tcp,3389,MS12-020: Vulnerabilities in Remote Desktop Could Allow Remote Code Execution ,"","","","","",""
58435,"",9.3,C-High,10.207.222.83,tcp,3389,MS12-020: Vulnerabilities in Remote Desktop Could Allow Remote Code Execution ,"","","","","",""
58435,"",9.3,C-High,10.207.222.83,tcp,3389,MS12-020: Vulnerabilities in Remote Desktop Could Allow Remote Code Execution ,"","","","","",""
58435,"",9.3,C-High,10.207.222.83,tcp,3389,MS12-020: Vulnerabilities in Remote Desktop Could Allow Remote Code Execution ,"","","","","",""
58435,"",9.3,C-High,10.207.222.83,tcp,3389,MS12-020: Vulnerabilities in Remote Desktop Could Allow Remote Code Execution ,"","","","","",""
58435,"",9.3,C-High,10.207.222.83,tcp,3389,MS12-020: Vulnerabilities in Remote Desktop Could Allow Remote Code Execution ,"","","","","",""
58435,"",9.3,C-High,10.207.222.83,tcp,3389,MS12-020: Vulnerabilities in Remote Desktop Could Allow Remote Code Execution ,"","","","","",""
58435,"",9.3,C-High,10.207.222.83,tcp,3389,MS12-020: Vulnerabilities in Remote Desktop Could Allow Remote Code Execution ,"","","","","",""
58435,"",9.3,C-High,10.207.222.83,tcp,3389,MS12-020: Vulnerabilities in Remote Desktop Could Allow Remote Code Execution ,"","","","","",""
58435,"",9.3,C-High,10.207.222.83,tcp,3389,MS12-020: Vulnerabilities in Remote Desktop Could Allow Remote Code Execution ,"","","","","",""
58435,"",9.3,C-High,10.207.222.83,tcp,3389,MS12-020: Vulnerabilities in Remote Desktop Could Allow Remote Code Execution ,"","","","","",""
58435,"",9.3,C-High,10.207.222.83,tcp,3389,MS12-020: Vulnerabilities in Remote Desktop Could Allow Remote Code Execution ,"","","","","",""
58435,"",9.3,C-High,10.207.222.83,tcp,3389,MS12-020: Vulnerabilities in Remote Desktop Could Allow Remote Code Execution ,"","","","","",""
58435,"",9.3,C-High,10.207.222.83,tcp,3389,MS12-020: Vulnerabilities in Remote Desktop Could Allow Remote Code Execution ,"","","","","",""
58435,"",9.3,C-High,10.207.222.83,tcp,3389,MS12-020: Vulnerabilities in Remote Desktop Could Allow Remote Code Execution ,"","","","","",""
58435,"",9.3,C-High,10.207.222.83,tcp,3389,MS12-020: Vulnerabilities in Remote Desktop Could Allow Remote Code Execution ,"","","","","",""
58435,"",9.3,C-High,10.207.222.83,tcp,3389,MS12-020: Vulnerabilities in Remote Desktop Could Allow Remote Code Execution ,"","","","","",""
58435,"",9.3,C-High,10.207.222.83,tcp,3389,MS12-020: Vulnerabilities in Remote Desktop Could Allow Remote Code Execution ,"","","","","",""
58435,"",9.3,C-High,10.207.222.83,tcp,3389,MS12-020: Vulnerabilities in Remote Desktop Could Allow Remote Code Execution ,"","","","","",""
58435,"",9.3,C-High,10.207.222.83,tcp,3389,MS12-020: Vulnerabilities in Remote Desktop Could Allow Remote Code Execution ,"","","","","",""
58435,"",9.3,C-High,10.207.222.83,tcp,3389,MS12-020: Vulnerabilities in Remote Desktop Could Allow Remote Code Execution ,"","","","","",""
58435,"",9.3,C-High,10.207.222.83,tcp,3389,MS12-020: Vulnerabilities in Remote Desktop Could Allow Remote Code Execution ,"","","","","",""
58435,"",9.3,C-High,10.207.222.83,tcp,3389,MS12-020: Vulnerabilities in Remote Desktop Could Allow Remote Code Execution ,"","","","","",""
58435,"",9.3,C-High,10.207.222.83,tcp,3389,MS12-020: Vulnerabilities in Remote Desktop Could Allow Remote Code Execution ,"","","","","",""
58435,"",9.3,C-High,10.207.222.83,tcp,3389,MS12-020: Vulnerabilities in Remote Desktop Could Allow Remote Code Execution ,"","","","","",""
58435,"",9.3,C-High,10.207.222.83,tcp,3389,MS12-020: Vulnerabilities in Remote Desktop Could Allow Remote Code Execution ,"","","","","",""
58435,"",9.3,C-High,10.207.222.83,tcp,3389,MS12-020: Vulnerabilities in Remote Desktop Could Allow Remote Code Execution ,"","","","","",""
58435,"",9.3,C-High,10.207.222.83,tcp,3389,MS12-020: Vulnerabilities in Remote Desktop Could Allow Remote Code Execution ,"","","","","",""
58435,"",9.3,C-High,10.207.222.83,tcp,3389,MS12-020: Vulnerabilities in Remote Desktop Could Allow Remote Code Execution ,"","","","","",""
58435,"",9.3,C-High,10.207.222.83,tcp,3389,MS12-020: Vulnerabilities in Remote Desktop Could Allow Remote Code Execution ,"","","","","",""
58435,"",9.3,C-High,10.207.222.83,tcp,3389,MS12-020: Vulnerabilities in Remote Desktop Could Allow Remote Code Execution ,"","","","","",""
58435,"",9.3,C-High,10.207.222.83,tcp,3389,MS12-020: Vulnerabilities in Remote Desktop Could Allow Remote Code Execution ,"","","","","",""
58435,"",9.3,C-High,10.207.222.83,tcp,3389,MS12-020: Vulnerabilities in Remote Desktop Could Allow Remote Code Execution ,"","","","","",""
58435,"",9.3,C-High,10.207.222.83,tcp,3389,MS12-020: Vulnerabilities in Remote Desktop Could Allow Remote Code Execution ,"","","","","",""
58435,"",9.3,C-High,10.207.222.83,tcp,3389,MS12-020: Vulnerabilities in Remote Desktop Could Allow Remote Code Execution ,"","","","","",""
58435,"",9.3,C-High,10.207.222.83,tcp,3389,MS12-020: Vulnerabilities in Remote Desktop Could Allow Remote Code Execution ,"","","","","",""
58435,"",9.3,C-High,10.207.222.83,tcp,3389,MS12-020: Vulnerabilities in Remote Desktop Could Allow Remote Code Execution ,"","","","","",""
58435,"",9.3,C-High,10.207.222.83,tcp,3389,MS12-020: Vulnerabilities in Remote Desktop Could Allow Remote Code Execution ,"","","","","",""
58435,"",9.3,C-High,10.207.222.83,tcp,3389,MS12-020: Vulnerabilities in Remote Desktop Could Allow Remote Code Execution ,"","","","","",""
58435,"",9.3,C-High,10.207.222.83,tcp,3389,MS12-020: Vulnerabilities in Remote Desktop Could Allow Remote Code Execution ,"","","","","",""
58435,"",9.3,C-High,10.207.222.83,tcp,3389,MS12-020: Vulnerabilities in Remote Desktop Could Allow Remote Code Execution ,"","","","","",""
58435,"",9.3,C-High,10.207.222.83,tcp,3389,MS12-020: Vulnerabilities in Remote Desktop Could Allow Remote Code Execution ,"","","","","",""
58435,"",9.3,C-High,10.207.222.83,tcp,3389,MS12-020: Vulnerabilities in Remote Desktop Could Allow Remote Code Execution ,"","","","","",""
58435,"",9.3,C-High,10.207.222.83,tcp,3389,MS12-020: Vulnerabilities in Remote Desktop Could Allow Remote Code Execution ,"","","","","",""
58435,"",9.3,C-High,10.207.222.83,tcp,3389,MS12-020: Vulnerabilities in Remote Desktop Could Allow Remote Code Execution ,"","","","","",""
58435,"",9.3,C-High,10.207.222.83,tcp,3389,MS12-020: Vulnerabilities in Remote Desktop Could Allow Remote Code Execution ,"","","","","",""
58435,"",9.3,C-High,10.207.222.83,tcp,3389,MS12-020: Vulnerabilities in Remote Desktop Could Allow Remote Code Execution ,"","","","","",""
58435,"",9.3,C-High,10.207.222.83,tcp,3389,MS12-020: Vulnerabilities in Remote Desktop Could Allow Remote Code Execution ,"","","","","",""
58435,"",9.3,C-High,10.207.222.83,tcp,3389,MS12-020: Vulnerabilities in Remote Desktop Could Allow Remote Code Execution ,"","","","","",""
58435,"",9.3,C-High,10.207.222.83,tcp,3389,MS12-020: Vulnerabilities in Remote Desktop Could Allow Remote Code Execution ,"","","","","",""
58435,"",9.3,C-High,10.207.222.83,tcp,3389,MS12-020: Vulnerabilities in Remote Desktop Could Allow Remote Code Execution ,"","","","","",""
58435,"",9.3,C-High,10.207.222.83,tcp,3389,MS12-020: Vulnerabilities in Remote Desktop Could Allow Remote Code Execution ,"","","","","",""
58435,"",9.3,C-High,10.207.222.83,tcp,3389,MS12-020: Vulnerabilities in Remote Desktop Could Allow Remote Code Execution ,"","","","","",""
58435,"",9.3,C-High,10.207.222.83,tcp,3389,MS12-020: Vulnerabilities in Remote Desktop Could Allow Remote Code Execution ,"","","","","",""
58435,"",9.3,C-High,10.207.222.83,tcp,3389,MS12-020: Vulnerabilities in Remote Desktop Could Allow Remote Code Execution ,"","","","","",""
58435,"",9.3,C-High,10.207.222.83,tcp,3389,MS12-020: Vulnerabilities in Remote Desktop Could Allow Remote Code Execution ,"","","","","",""
58435,"",9.3,C-High,10.207.222.83,tcp,3389,MS12-020: Vulnerabilities in Remote Desktop Could Allow Remote Code Execution ,"","","","","",""
58435,"",9.3,C-High,10.207.222.83,tcp,3389,MS12-020: Vulnerabilities in Remote Desktop Could Allow Remote Code Execution ,"","","","","",""
58435,"",9.3,C-High,10.207.222.83,tcp,3389,MS12-020: Vulnerabilities in Remote Desktop Could Allow Remote Code Execution ,"","","","","",""
58435,"",9.3,C-High,10.207.222.83,tcp,3389,MS12-020: Vulnerabilities in Remote Desktop Could Allow Remote Code Execution ,"","","","","",""
58435,"",9.3,C-High,10.207.222.83,tcp,3389,MS12-020: Vulnerabilities in Remote Desktop Could Allow Remote Code Execution ,"","","","","",""
62940,"",5,B-Medium,10.207.222.25,tcp,21,MS12-073: Vulnerabilities in Microsoft IIS Could Allow Information Disclosure ,"","","","","",""
62940,"",5,B-Medium,10.207.222.25,tcp,21,MS12-073: Vulnerabilities in Microsoft IIS Could Allow Information Disclosure ,"","","","","",""
62940,"",5,B-Medium,10.207.222.25,tcp,21,MS12-073: Vulnerabilities in Microsoft IIS Could Allow Information Disclosure ,"","","","","",""
62940,"",5,B-Medium,10.207.222.25,tcp,21,MS12-073: Vulnerabilities in Microsoft IIS Could Allow Information Disclosure ,"","","","","",""
79638,"",10,D-Critical,10.207.222.36,tcp,3389,MS14-066: Vulnerability in Schannel Could Allow Remote Code Execution ,"","","","","",""
79638,"",10,D-Critical,10.207.222.36,tcp,3389,MS14-066: Vulnerability in Schannel Could Allow Remote Code Execution ,"","","","","",""
79638,"",10,D-Critical,10.207.222.36,tcp,3389,MS14-066: Vulnerability in Schannel Could Allow Remote Code Execution ,"","","","","",""
79638,"",10,D-Critical,10.207.222.36,tcp,3389,MS14-066: Vulnerability in Schannel Could Allow Remote Code Execution ,"","","","","",""
79638,"",10,D-Critical,10.207.222.36,tcp,3389,MS14-066: Vulnerability in Schannel Could Allow Remote Code Execution ,"","","","","",""
79638,"",10,D-Critical,10.207.222.36,tcp,3389,MS14-066: Vulnerability in Schannel Could Allow Remote Code Execution ,"","","","","",""
79638,"",10,D-Critical,10.207.222.36,tcp,3389,MS14-066: Vulnerability in Schannel Could Allow Remote Code Execution ,"","","","","",""
79638,"",10,D-Critical,10.207.222.36,tcp,3389,MS14-066: Vulnerability in Schannel Could Allow Remote Code Execution ,"","","","","",""
79638,"",10,D-Critical,10.207.222.36,tcp,3389,MS14-066: Vulnerability in Schannel Could Allow Remote Code Execution ,"","","","","",""
79638,"",10,D-Critical,10.207.222.36,tcp,3389,MS14-066: Vulnerability in Schannel Could Allow Remote Code Execution ,"","","","","",""
79638,"",10,D-Critical,10.207.222.36,tcp,3389,MS14-066: Vulnerability in Schannel Could Allow Remote Code Execution ,"","","","","",""
79638,"",10,D-Critical,10.207.222.36,tcp,3389,MS14-066: Vulnerability in Schannel Could Allow Remote Code Execution ,"","","","","",""
79638,"",10,D-Critical,10.207.222.36,tcp,3389,MS14-066: Vulnerability in Schannel Could Allow Remote Code Execution ,"","","","","",""
79638,"",10,D-Critical,10.207.222.36,tcp,3389,MS14-066: Vulnerability in Schannel Could Allow Remote Code Execution ,"","","","","",""
79638,"",10,D-Critical,10.207.222.36,tcp,3389,MS14-066: Vulnerability in Schannel Could Allow Remote Code Execution ,"","","","","",""
79638,"",10,D-Critical,10.207.222.36,tcp,3389,MS14-066: Vulnerability in Schannel Could Allow Remote Code Execution ,"","","","","",""
79638,"",10,D-Critical,10.207.222.36,tcp,3389,MS14-066: Vulnerability in Schannel Could Allow Remote Code Execution ,"","","","","",""
79638,"",10,D-Critical,10.207.222.36,tcp,3389,MS14-066: Vulnerability in Schannel Could Allow Remote Code Execution ,"","","","","",""
79638,"",10,D-Critical,10.207.222.36,tcp,3389,MS14-066: Vulnerability in Schannel Could Allow Remote Code Execution ,"","","","","",""
79638,"",10,D-Critical,10.207.222.36,tcp,3389,MS14-066: Vulnerability in Schannel Could Allow Remote Code Execution ,"","","","","",""
79638,"",10,D-Critical,10.207.222.36,tcp,3389,MS14-066: Vulnerability in Schannel Could Allow Remote Code Execution ,"","","","","",""
79638,"",10,D-Critical,10.207.222.36,tcp,3389,MS14-066: Vulnerability in Schannel Could Allow Remote Code Execution ,"","","","","",""
79638,"",10,D-Critical,10.207.222.36,tcp,3389,MS14-066: Vulnerability in Schannel Could Allow Remote Code Execution ,"","","","","",""
79638,"",10,D-Critical,10.207.222.36,tcp,3389,MS14-066: Vulnerability in Schannel Could Allow Remote Code Execution ,"","","","","",""
79638,"",10,D-Critical,10.207.222.36,tcp,3389,MS14-066: Vulnerability in Schannel Could Allow Remote Code Execution ,"","","","","",""
79638,"",10,D-Critical,10.207.222.36,tcp,3389,MS14-066: Vulnerability in Schannel Could Allow Remote Code Execution ,"","","","","",""
79638,"",10,D-Critical,10.207.222.36,tcp,3389,MS14-066: Vulnerability in Schannel Could Allow Remote Code Execution ,"","","","","",""
79638,"",10,D-Critical,10.207.222.36,tcp,3389,MS14-066: Vulnerability in Schannel Could Allow Remote Code Execution ,"","","","","",""
82828,"",10,D-Critical,10.207.222.36,tcp,80,MS15-034: Vulnerability in HTTP.sys Could Allow Remote Code Execution ,"","","","","",""
82828,"",10,D-Critical,10.207.222.36,tcp,80,MS15-034: Vulnerability in HTTP.sys Could Allow Remote Code Execution ,"","","","","",""
82828,"",10,D-Critical,10.207.222.36,tcp,80,MS15-034: Vulnerability in HTTP.sys Could Allow Remote Code Execution ,"","","","","",""
82828,"",10,D-Critical,10.207.222.36,tcp,80,MS15-034: Vulnerability in HTTP.sys Could Allow Remote Code Execution ,"","","","","",""
82828,"",10,D-Critical,10.207.222.36,tcp,80,MS15-034: Vulnerability in HTTP.sys Could Allow Remote Code Execution ,"","","","","",""
82828,"",10,D-Critical,10.207.222.36,tcp,80,MS15-034: Vulnerability in HTTP.sys Could Allow Remote Code Execution ,"","","","","",""
82828,"",10,D-Critical,10.207.222.36,tcp,80,MS15-034: Vulnerability in HTTP.sys Could Allow Remote Code Execution ,"","","","","",""
82828,"",10,D-Critical,10.207.222.36,tcp,80,MS15-034: Vulnerability in HTTP.sys Could Allow Remote Code Execution ,"","","","","",""
82828,"",10,D-Critical,10.207.222.36,tcp,80,MS15-034: Vulnerability in HTTP.sys Could Allow Remote Code Execution ,"","","","","",""
82828,"",10,D-Critical,10.207.222.36,tcp,80,MS15-034: Vulnerability in HTTP.sys Could Allow Remote Code Execution ,"","","","","",""
82828,"",10,D-Critical,10.207.222.36,tcp,80,MS15-034: Vulnerability in HTTP.sys Could Allow Remote Code Execution ,"","","","","",""
90510,"",6.8,B-Medium,10.207.222.188,tcp,1055,MS16-047: Security Update for SAM and LSAD Remote Protocols ,"","","","","",""
90510,"",6.8,B-Medium,10.207.222.188,tcp,1055,MS16-047: Security Update for SAM and LSAD Remote Protocols ,"","","","","",""
90510,"",6.8,B-Medium,10.207.222.188,tcp,1055,MS16-047: Security Update for SAM and LSAD Remote Protocols ,"","","","","",""
90510,"",6.8,B-Medium,10.207.222.188,tcp,1055,MS16-047: Security Update for SAM and LSAD Remote Protocols ,"","","","","",""
90510,"",6.8,B-Medium,10.207.222.188,tcp,1055,MS16-047: Security Update for SAM and LSAD Remote Protocols ,"","","","","",""
90510,"",6.8,B-Medium,10.207.222.188,tcp,1055,MS16-047: Security Update for SAM and LSAD Remote Protocols ,"","","","","",""
90510,"",6.8,B-Medium,10.207.222.188,tcp,1055,MS16-047: Security Update for SAM and LSAD Remote Protocols ,"","","","","",""
90510,"",6.8,B-Medium,10.207.222.188,tcp,1055,MS16-047: Security Update for SAM and LSAD Remote Protocols ,"","","","","",""
90510,"",6.8,B-Medium,10.207.222.188,tcp,1055,MS16-047: Security Update for SAM and LSAD Remote Protocols ,"","","","","",""
90510,"",6.8,B-Medium,10.207.222.188,tcp,1055,MS16-047: Security Update for SAM and LSAD Remote Protocols ,"","","","","",""
90510,"",6.8,B-Medium,10.207.222.188,tcp,1055,MS16-047: Security Update for SAM and LSAD Remote Protocols ,"","","","","",""
90510,"",6.8,B-Medium,10.207.222.188,tcp,1055,MS16-047: Security Update for SAM and LSAD Remote Protocols ,"","","","","",""
90510,"",6.8,B-Medium,10.207.222.188,tcp,1055,MS16-047: Security Update for SAM and LSAD Remote Protocols ,"","","","","",""
90510,"",6.8,B-Medium,10.207.222.188,tcp,1055,MS16-047: Security Update for SAM and LSAD Remote Protocols ,"","","","","",""
90510,"",6.8,B-Medium,10.207.222.188,tcp,1055,MS16-047: Security Update for SAM and LSAD Remote Protocols ,"","","","","",""
90510,"",6.8,B-Medium,10.207.222.188,tcp,1055,MS16-047: Security Update for SAM and LSAD Remote Protocols ,"","","","","",""
90510,"",6.8,B-Medium,10.207.222.188,tcp,1055,MS16-047: Security Update for SAM and LSAD Remote Protocols ,"","","","","",""
90510,"",6.8,B-Medium,10.207.222.188,tcp,1055,MS16-047: Security Update for SAM and LSAD Remote Protocols ,"","","","","",""
90510,"",6.8,B-Medium,10.207.222.188,tcp,1055,MS16-047: Security Update for SAM and LSAD Remote Protocols ,"","","","","",""
90510,"",6.8,B-Medium,10.207.222.188,tcp,1055,MS16-047: Security Update for SAM and LSAD Remote Protocols ,"","","","","",""
47709,"",10,D-Critical,10.207.222.56,tcp,0,Microsoft Windows 2000 Unsupported Installation Detection,"","","","","",""
47709,"",10,D-Critical,10.207.222.56,tcp,0,Microsoft Windows 2000 Unsupported Installation Detection,"","","","","",""
47709,"",10,D-Critical,10.207.222.56,tcp,0,Microsoft Windows 2000 Unsupported Installation Detection,"","","","","",""
18405,"",5.1,B-Medium,10.207.222.57,tcp,3389,Microsoft Windows Remote Desktop Protocol Server Man-in-the-Middle Weakness,"","","","","",""
18405,"",5.1,B-Medium,10.207.222.57,tcp,3389,Microsoft Windows Remote Desktop Protocol Server Man-in-the-Middle Weakness,"","","","","",""
18405,"",5.1,B-Medium,10.207.222.57,tcp,3389,Microsoft Windows Remote Desktop Protocol Server Man-in-the-Middle Weakness,"","","","","",""
18405,"",5.1,B-Medium,10.207.222.57,tcp,3389,Microsoft Windows Remote Desktop Protocol Server Man-in-the-Middle Weakness,"","","","","",""
18405,"",5.1,B-Medium,10.207.222.57,tcp,3389,Microsoft Windows Remote Desktop Protocol Server Man-in-the-Middle Weakness,"","","","","",""
18405,"",5.1,B-Medium,10.207.222.57,tcp,3389,Microsoft Windows Remote Desktop Protocol Server Man-in-the-Middle Weakness,"","","","","",""
18405,"",5.1,B-Medium,10.207.222.57,tcp,3389,Microsoft Windows Remote Desktop Protocol Server Man-in-the-Middle Weakness,"","","","","",""
18405,"",5.1,B-Medium,10.207.222.57,tcp,3389,Microsoft Windows Remote Desktop Protocol Server Man-in-the-Middle Weakness,"","","","","",""
18405,"",5.1,B-Medium,10.207.222.57,tcp,3389,Microsoft Windows Remote Desktop Protocol Server Man-in-the-Middle Weakness,"","","","","",""
18405,"",5.1,B-Medium,10.207.222.57,tcp,3389,Microsoft Windows Remote Desktop Protocol Server Man-in-the-Middle Weakness,"","","","","",""
18405,"",5.1,B-Medium,10.207.222.57,tcp,3389,Microsoft Windows Remote Desktop Protocol Server Man-in-the-Middle Weakness,"","","","","",""
18405,"",5.1,B-Medium,10.207.222.57,tcp,3389,Microsoft Windows Remote Desktop Protocol Server Man-in-the-Middle Weakness,"","","","","",""
18405,"",5.1,B-Medium,10.207.222.57,tcp,3389,Microsoft Windows Remote Desktop Protocol Server Man-in-the-Middle Weakness,"","","","","",""
18405,"",5.1,B-Medium,10.207.222.57,tcp,3389,Microsoft Windows Remote Desktop Protocol Server Man-in-the-Middle Weakness,"","","","","",""
18405,"",5.1,B-Medium,10.207.222.57,tcp,3389,Microsoft Windows Remote Desktop Protocol Server Man-in-the-Middle Weakness,"","","","","",""
18405,"",5.1,B-Medium,10.207.222.57,tcp,3389,Microsoft Windows Remote Desktop Protocol Server Man-in-the-Middle Weakness,"","","","","",""
18405,"",5.1,B-Medium,10.207.222.57,tcp,3389,Microsoft Windows Remote Desktop Protocol Server Man-in-the-Middle Weakness,"","","","","",""
18405,"",5.1,B-Medium,10.207.222.57,tcp,3389,Microsoft Windows Remote Desktop Protocol Server Man-in-the-Middle Weakness,"","","","","",""
18405,"",5.1,B-Medium,10.207.222.57,tcp,3389,Microsoft Windows Remote Desktop Protocol Server Man-in-the-Middle Weakness,"","","","","",""
18405,"",5.1,B-Medium,10.207.222.57,tcp,3389,Microsoft Windows Remote Desktop Protocol Server Man-in-the-Middle Weakness,"","","","","",""
18405,"",5.1,B-Medium,10.207.222.57,tcp,3389,Microsoft Windows Remote Desktop Protocol Server Man-in-the-Middle Weakness,"","","","","",""
18405,"",5.1,B-Medium,10.207.222.57,tcp,3389,Microsoft Windows Remote Desktop Protocol Server Man-in-the-Middle Weakness,"","","","","",""
18405,"",5.1,B-Medium,10.207.222.57,tcp,3389,Microsoft Windows Remote Desktop Protocol Server Man-in-the-Middle Weakness,"","","","","",""
18405,"",5.1,B-Medium,10.207.222.57,tcp,3389,Microsoft Windows Remote Desktop Protocol Server Man-in-the-Middle Weakness,"","","","","",""
18405,"",5.1,B-Medium,10.207.222.57,tcp,3389,Microsoft Windows Remote Desktop Protocol Server Man-in-the-Middle Weakness,"","","","","",""
18405,"",5.1,B-Medium,10.207.222.57,tcp,3389,Microsoft Windows Remote Desktop Protocol Server Man-in-the-Middle Weakness,"","","","","",""
18405,"",5.1,B-Medium,10.207.222.57,tcp,3389,Microsoft Windows Remote Desktop Protocol Server Man-in-the-Middle Weakness,"","","","","",""
18405,"",5.1,B-Medium,10.207.222.57,tcp,3389,Microsoft Windows Remote Desktop Protocol Server Man-in-the-Middle Weakness,"","","","","",""
18405,"",5.1,B-Medium,10.207.222.57,tcp,3389,Microsoft Windows Remote Desktop Protocol Server Man-in-the-Middle Weakness,"","","","","",""
18405,"",5.1,B-Medium,10.207.222.57,tcp,3389,Microsoft Windows Remote Desktop Protocol Server Man-in-the-Middle Weakness,"","","","","",""
18405,"",5.1,B-Medium,10.207.222.57,tcp,3389,Microsoft Windows Remote Desktop Protocol Server Man-in-the-Middle Weakness,"","","","","",""
18405,"",5.1,B-Medium,10.207.222.57,tcp,3389,Microsoft Windows Remote Desktop Protocol Server Man-in-the-Middle Weakness,"","","","","",""
18405,"",5.1,B-Medium,10.207.222.57,tcp,3389,Microsoft Windows Remote Desktop Protocol Server Man-in-the-Middle Weakness,"","","","","",""
18405,"",5.1,B-Medium,10.207.222.57,tcp,3389,Microsoft Windows Remote Desktop Protocol Server Man-in-the-Middle Weakness,"","","","","",""
18405,"",5.1,B-Medium,10.207.222.57,tcp,3389,Microsoft Windows Remote Desktop Protocol Server Man-in-the-Middle Weakness,"","","","","",""
18405,"",5.1,B-Medium,10.207.222.57,tcp,3389,Microsoft Windows Remote Desktop Protocol Server Man-in-the-Middle Weakness,"","","","","",""
18405,"",5.1,B-Medium,10.207.222.57,tcp,3389,Microsoft Windows Remote Desktop Protocol Server Man-in-the-Middle Weakness,"","","","","",""
18405,"",5.1,B-Medium,10.207.222.57,tcp,3389,Microsoft Windows Remote Desktop Protocol Server Man-in-the-Middle Weakness,"","","","","",""
18405,"",5.1,B-Medium,10.207.222.57,tcp,3389,Microsoft Windows Remote Desktop Protocol Server Man-in-the-Middle Weakness,"","","","","",""
18405,"",5.1,B-Medium,10.207.222.57,tcp,3389,Microsoft Windows Remote Desktop Protocol Server Man-in-the-Middle Weakness,"","","","","",""
18405,"",5.1,B-Medium,10.207.222.57,tcp,3389,Microsoft Windows Remote Desktop Protocol Server Man-in-the-Middle Weakness,"","","","","",""
18405,"",5.1,B-Medium,10.207.222.57,tcp,3389,Microsoft Windows Remote Desktop Protocol Server Man-in-the-Middle Weakness,"","","","","",""
18405,"",5.1,B-Medium,10.207.222.57,tcp,3389,Microsoft Windows Remote Desktop Protocol Server Man-in-the-Middle Weakness,"","","","","",""
18405,"",5.1,B-Medium,10.207.222.57,tcp,3389,Microsoft Windows Remote Desktop Protocol Server Man-in-the-Middle Weakness,"","","","","",""
18405,"",5.1,B-Medium,10.207.222.57,tcp,3389,Microsoft Windows Remote Desktop Protocol Server Man-in-the-Middle Weakness,"","","","","",""
18405,"",5.1,B-Medium,10.207.222.57,tcp,3389,Microsoft Windows Remote Desktop Protocol Server Man-in-the-Middle Weakness,"","","","","",""
18405,"",5.1,B-Medium,10.207.222.57,tcp,3389,Microsoft Windows Remote Desktop Protocol Server Man-in-the-Middle Weakness,"","","","","",""
18405,"",5.1,B-Medium,10.207.222.57,tcp,3389,Microsoft Windows Remote Desktop Protocol Server Man-in-the-Middle Weakness,"","","","","",""
18405,"",5.1,B-Medium,10.207.222.57,tcp,3389,Microsoft Windows Remote Desktop Protocol Server Man-in-the-Middle Weakness,"","","","","",""
18405,"",5.1,B-Medium,10.207.222.57,tcp,3389,Microsoft Windows Remote Desktop Protocol Server Man-in-the-Middle Weakness,"","","","","",""
18405,"",5.1,B-Medium,10.207.222.57,tcp,3389,Microsoft Windows Remote Desktop Protocol Server Man-in-the-Middle Weakness,"","","","","",""
18405,"",5.1,B-Medium,10.207.222.57,tcp,3389,Microsoft Windows Remote Desktop Protocol Server Man-in-the-Middle Weakness,"","","","","",""
18405,"",5.1,B-Medium,10.207.222.57,tcp,3389,Microsoft Windows Remote Desktop Protocol Server Man-in-the-Middle Weakness,"","","","","",""
18405,"",5.1,B-Medium,10.207.222.57,tcp,3389,Microsoft Windows Remote Desktop Protocol Server Man-in-the-Middle Weakness,"","","","","",""
18405,"",5.1,B-Medium,10.207.222.57,tcp,3389,Microsoft Windows Remote Desktop Protocol Server Man-in-the-Middle Weakness,"","","","","",""
18405,"",5.1,B-Medium,10.207.222.57,tcp,3389,Microsoft Windows Remote Desktop Protocol Server Man-in-the-Middle Weakness,"","","","","",""
18405,"",5.1,B-Medium,10.207.222.57,tcp,3389,Microsoft Windows Remote Desktop Protocol Server Man-in-the-Middle Weakness,"","","","","",""
18405,"",5.1,B-Medium,10.207.222.57,tcp,3389,Microsoft Windows Remote Desktop Protocol Server Man-in-the-Middle Weakness,"","","","","",""
18405,"",5.1,B-Medium,10.207.222.57,tcp,3389,Microsoft Windows Remote Desktop Protocol Server Man-in-the-Middle Weakness,"","","","","",""
18405,"",5.1,B-Medium,10.207.222.57,tcp,3389,Microsoft Windows Remote Desktop Protocol Server Man-in-the-Middle Weakness,"","","","","",""
18405,"",5.1,B-Medium,10.207.222.57,tcp,3389,Microsoft Windows Remote Desktop Protocol Server Man-in-the-Middle Weakness,"","","","","",""
18405,"",5.1,B-Medium,10.207.222.57,tcp,3389,Microsoft Windows Remote Desktop Protocol Server Man-in-the-Middle Weakness,"","","","","",""
18405,"",5.1,B-Medium,10.207.222.57,tcp,3389,Microsoft Windows Remote Desktop Protocol Server Man-in-the-Middle Weakness,"","","","","",""
18405,"",5.1,B-Medium,10.207.222.57,tcp,3389,Microsoft Windows Remote Desktop Protocol Server Man-in-the-Middle Weakness,"","","","","",""
18405,"",5.1,B-Medium,10.207.222.57,tcp,3389,Microsoft Windows Remote Desktop Protocol Server Man-in-the-Middle Weakness,"","","","","",""
18405,"",5.1,B-Medium,10.207.222.57,tcp,3389,Microsoft Windows Remote Desktop Protocol Server Man-in-the-Middle Weakness,"","","","","",""
18405,"",5.1,B-Medium,10.207.222.57,tcp,3389,Microsoft Windows Remote Desktop Protocol Server Man-in-the-Middle Weakness,"","","","","",""
18405,"",5.1,B-Medium,10.207.222.57,tcp,3389,Microsoft Windows Remote Desktop Protocol Server Man-in-the-Middle Weakness,"","","","","",""
18405,"",5.1,B-Medium,10.207.222.57,tcp,3389,Microsoft Windows Remote Desktop Protocol Server Man-in-the-Middle Weakness,"","","","","",""
18405,"",5.1,B-Medium,10.207.222.57,tcp,3389,Microsoft Windows Remote Desktop Protocol Server Man-in-the-Middle Weakness,"","","","","",""
18405,"",5.1,B-Medium,10.207.222.57,tcp,3389,Microsoft Windows Remote Desktop Protocol Server Man-in-the-Middle Weakness,"","","","","",""
18405,"",5.1,B-Medium,10.207.222.57,tcp,3389,Microsoft Windows Remote Desktop Protocol Server Man-in-the-Middle Weakness,"","","","","",""
18405,"",5.1,B-Medium,10.207.222.57,tcp,3389,Microsoft Windows Remote Desktop Protocol Server Man-in-the-Middle Weakness,"","","","","",""
56210,"",5,B-Medium,10.207.222.56,tcp,445,Microsoft Windows SMB LsaQueryInformationPolicy Function SID Enumeration Without Credentials,"","","","","",""
56210,"",5,B-Medium,10.207.222.56,tcp,445,Microsoft Windows SMB LsaQueryInformationPolicy Function SID Enumeration Without Credentials,"","","","","",""
56210,"",5,B-Medium,10.207.222.56,tcp,445,Microsoft Windows SMB LsaQueryInformationPolicy Function SID Enumeration Without Credentials,"","","","","",""
56210,"",5,B-Medium,10.207.222.56,tcp,445,Microsoft Windows SMB LsaQueryInformationPolicy Function SID Enumeration Without Credentials,"","","","","",""
26920,"",5,B-Medium,10.207.222.83,tcp,445,Microsoft Windows SMB NULL Session Authentication,"","","","","",""
26920,"",5,B-Medium,10.207.222.83,tcp,445,Microsoft Windows SMB NULL Session Authentication,"","","","","",""
26920,"",5,B-Medium,10.207.222.83,tcp,445,Microsoft Windows SMB NULL Session Authentication,"","","","","",""
26920,"",5,B-Medium,10.207.222.83,tcp,445,Microsoft Windows SMB NULL Session Authentication,"","","","","",""
26920,"",5,B-Medium,10.207.222.83,tcp,445,Microsoft Windows SMB NULL Session Authentication,"","","","","",""
26920,"",5,B-Medium,10.207.222.83,tcp,445,Microsoft Windows SMB NULL Session Authentication,"","","","","",""
26920,"",5,B-Medium,10.207.222.83,tcp,445,Microsoft Windows SMB NULL Session Authentication,"","","","","",""
26920,"",5,B-Medium,10.207.222.83,tcp,445,Microsoft Windows SMB NULL Session Authentication,"","","","","",""
26920,"",5,B-Medium,10.207.222.83,tcp,445,Microsoft Windows SMB NULL Session Authentication,"","","","","",""
26920,"",5,B-Medium,10.207.222.83,tcp,445,Microsoft Windows SMB NULL Session Authentication,"","","","","",""
26920,"",5,B-Medium,10.207.222.83,tcp,445,Microsoft Windows SMB NULL Session Authentication,"","","","","",""
26920,"",5,B-Medium,10.207.222.83,tcp,445,Microsoft Windows SMB NULL Session Authentication,"","","","","",""
26920,"",5,B-Medium,10.207.222.83,tcp,445,Microsoft Windows SMB NULL Session Authentication,"","","","","",""
26920,"",5,B-Medium,10.207.222.83,tcp,445,Microsoft Windows SMB NULL Session Authentication,"","","","","",""
26920,"",5,B-Medium,10.207.222.83,tcp,445,Microsoft Windows SMB NULL Session Authentication,"","","","","",""
26920,"",5,B-Medium,10.207.222.83,tcp,445,Microsoft Windows SMB NULL Session Authentication,"","","","","",""
26920,"",5,B-Medium,10.207.222.83,tcp,445,Microsoft Windows SMB NULL Session Authentication,"","","","","",""
26920,"",5,B-Medium,10.207.222.83,tcp,445,Microsoft Windows SMB NULL Session Authentication,"","","","","",""
26920,"",5,B-Medium,10.207.222.83,tcp,445,Microsoft Windows SMB NULL Session Authentication,"","","","","",""
26920,"",5,B-Medium,10.207.222.83,tcp,445,Microsoft Windows SMB NULL Session Authentication,"","","","","",""
26920,"",5,B-Medium,10.207.222.83,tcp,445,Microsoft Windows SMB NULL Session Authentication,"","","","","",""
26920,"",5,B-Medium,10.207.222.83,tcp,445,Microsoft Windows SMB NULL Session Authentication,"","","","","",""
26920,"",5,B-Medium,10.207.222.83,tcp,445,Microsoft Windows SMB NULL Session Authentication,"","","","","",""
26920,"",5,B-Medium,10.207.222.83,tcp,445,Microsoft Windows SMB NULL Session Authentication,"","","","","",""
26920,"",5,B-Medium,10.207.222.83,tcp,445,Microsoft Windows SMB NULL Session Authentication,"","","","","",""
26920,"",5,B-Medium,10.207.222.83,tcp,445,Microsoft Windows SMB NULL Session Authentication,"","","","","",""
26920,"",5,B-Medium,10.207.222.83,tcp,445,Microsoft Windows SMB NULL Session Authentication,"","","","","",""
26920,"",5,B-Medium,10.207.222.83,tcp,445,Microsoft Windows SMB NULL Session Authentication,"","","","","",""
26920,"",5,B-Medium,10.207.222.83,tcp,445,Microsoft Windows SMB NULL Session Authentication,"","","","","",""
26920,"",5,B-Medium,10.207.222.83,tcp,445,Microsoft Windows SMB NULL Session Authentication,"","","","","",""
26920,"",5,B-Medium,10.207.222.83,tcp,445,Microsoft Windows SMB NULL Session Authentication,"","","","","",""
26920,"",5,B-Medium,10.207.222.83,tcp,445,Microsoft Windows SMB NULL Session Authentication,"","","","","",""
26920,"",5,B-Medium,10.207.222.83,tcp,445,Microsoft Windows SMB NULL Session Authentication,"","","","","",""
26920,"",5,B-Medium,10.207.222.83,tcp,445,Microsoft Windows SMB NULL Session Authentication,"","","","","",""
26920,"",5,B-Medium,10.207.222.83,tcp,445,Microsoft Windows SMB NULL Session Authentication,"","","","","",""
26920,"",5,B-Medium,10.207.222.83,tcp,445,Microsoft Windows SMB NULL Session Authentication,"","","","","",""
26920,"",5,B-Medium,10.207.222.83,tcp,445,Microsoft Windows SMB NULL Session Authentication,"","","","","",""
26920,"",5,B-Medium,10.207.222.83,tcp,445,Microsoft Windows SMB NULL Session Authentication,"","","","","",""
26920,"",5,B-Medium,10.207.222.83,tcp,445,Microsoft Windows SMB NULL Session Authentication,"","","","","",""
26920,"",5,B-Medium,10.207.222.83,tcp,445,Microsoft Windows SMB NULL Session Authentication,"","","","","",""
26920,"",5,B-Medium,10.207.222.83,tcp,445,Microsoft Windows SMB NULL Session Authentication,"","","","","",""
26920,"",5,B-Medium,10.207.222.83,tcp,445,Microsoft Windows SMB NULL Session Authentication,"","","","","",""
26920,"",5,B-Medium,10.207.222.83,tcp,445,Microsoft Windows SMB NULL Session Authentication,"","","","","",""
26920,"",5,B-Medium,10.207.222.83,tcp,445,Microsoft Windows SMB NULL Session Authentication,"","","","","",""
26920,"",5,B-Medium,10.207.222.83,tcp,445,Microsoft Windows SMB NULL Session Authentication,"","","","","",""
26920,"",5,B-Medium,10.207.222.83,tcp,445,Microsoft Windows SMB NULL Session Authentication,"","","","","",""
26920,"",5,B-Medium,10.207.222.83,tcp,445,Microsoft Windows SMB NULL Session Authentication,"","","","","",""
26920,"",5,B-Medium,10.207.222.83,tcp,445,Microsoft Windows SMB NULL Session Authentication,"","","","","",""
26920,"",5,B-Medium,10.207.222.83,tcp,445,Microsoft Windows SMB NULL Session Authentication,"","","","","",""
26920,"",5,B-Medium,10.207.222.83,tcp,445,Microsoft Windows SMB NULL Session Authentication,"","","","","",""
26920,"",5,B-Medium,10.207.222.83,tcp,445,Microsoft Windows SMB NULL Session Authentication,"","","","","",""
26920,"",5,B-Medium,10.207.222.83,tcp,445,Microsoft Windows SMB NULL Session Authentication,"","","","","",""
26920,"",5,B-Medium,10.207.222.83,tcp,445,Microsoft Windows SMB NULL Session Authentication,"","","","","",""
26920,"",5,B-Medium,10.207.222.83,tcp,445,Microsoft Windows SMB NULL Session Authentication,"","","","","",""
26920,"",5,B-Medium,10.207.222.83,tcp,445,Microsoft Windows SMB NULL Session Authentication,"","","","","",""
26920,"",5,B-Medium,10.207.222.83,tcp,445,Microsoft Windows SMB NULL Session Authentication,"","","","","",""
26920,"",5,B-Medium,10.207.222.83,tcp,445,Microsoft Windows SMB NULL Session Authentication,"","","","","",""
26920,"",5,B-Medium,10.207.222.83,tcp,445,Microsoft Windows SMB NULL Session Authentication,"","","","","",""
26920,"",5,B-Medium,10.207.222.83,tcp,445,Microsoft Windows SMB NULL Session Authentication,"","","","","",""
26920,"",5,B-Medium,10.207.222.83,tcp,445,Microsoft Windows SMB NULL Session Authentication,"","","","","",""
26920,"",5,B-Medium,10.207.222.83,tcp,445,Microsoft Windows SMB NULL Session Authentication,"","","","","",""
26920,"",5,B-Medium,10.207.222.83,tcp,445,Microsoft Windows SMB NULL Session Authentication,"","","","","",""
26920,"",5,B-Medium,10.207.222.83,tcp,445,Microsoft Windows SMB NULL Session Authentication,"","","","","",""
18585,"",5,B-Medium,10.207.222.56,tcp,445,Microsoft Windows SMB Service Enumeration via \srvsvc,"","","","","",""
18585,"",5,B-Medium,10.207.222.56,tcp,445,Microsoft Windows SMB Service Enumeration via \srvsvc,"","","","","",""
84729,"",10,D-Critical,10.207.222.83,tcp,0,Microsoft Windows Server 2003 Unsupported Installation Detection,"","","","","",""
84729,"",10,D-Critical,10.207.222.83,tcp,0,Microsoft Windows Server 2003 Unsupported Installation Detection,"","","","","",""
84729,"",10,D-Critical,10.207.222.83,tcp,0,Microsoft Windows Server 2003 Unsupported Installation Detection,"","","","","",""
84729,"",10,D-Critical,10.207.222.83,tcp,0,Microsoft Windows Server 2003 Unsupported Installation Detection,"","","","","",""
84729,"",10,D-Critical,10.207.222.83,tcp,0,Microsoft Windows Server 2003 Unsupported Installation Detection,"","","","","",""
84729,"",10,D-Critical,10.207.222.83,tcp,0,Microsoft Windows Server 2003 Unsupported Installation Detection,"","","","","",""
84729,"",10,D-Critical,10.207.222.83,tcp,0,Microsoft Windows Server 2003 Unsupported Installation Detection,"","","","","",""
84729,"",10,D-Critical,10.207.222.83,tcp,0,Microsoft Windows Server 2003 Unsupported Installation Detection,"","","","","",""
84729,"",10,D-Critical,10.207.222.83,tcp,0,Microsoft Windows Server 2003 Unsupported Installation Detection,"","","","","",""
84729,"",10,D-Critical,10.207.222.83,tcp,0,Microsoft Windows Server 2003 Unsupported Installation Detection,"","","","","",""
84729,"",10,D-Critical,10.207.222.83,tcp,0,Microsoft Windows Server 2003 Unsupported Installation Detection,"","","","","",""
84729,"",10,D-Critical,10.207.222.83,tcp,0,Microsoft Windows Server 2003 Unsupported Installation Detection,"","","","","",""
84729,"",10,D-Critical,10.207.222.83,tcp,0,Microsoft Windows Server 2003 Unsupported Installation Detection,"","","","","",""
84729,"",10,D-Critical,10.207.222.83,tcp,0,Microsoft Windows Server 2003 Unsupported Installation Detection,"","","","","",""
84729,"",10,D-Critical,10.207.222.83,tcp,0,Microsoft Windows Server 2003 Unsupported Installation Detection,"","","","","",""
84729,"",10,D-Critical,10.207.222.83,tcp,0,Microsoft Windows Server 2003 Unsupported Installation Detection,"","","","","",""
84729,"",10,D-Critical,10.207.222.83,tcp,0,Microsoft Windows Server 2003 Unsupported Installation Detection,"","","","","",""
84729,"",10,D-Critical,10.207.222.83,tcp,0,Microsoft Windows Server 2003 Unsupported Installation Detection,"","","","","",""
84729,"",10,D-Critical,10.207.222.83,tcp,0,Microsoft Windows Server 2003 Unsupported Installation Detection,"","","","","",""
84729,"",10,D-Critical,10.207.222.83,tcp,0,Microsoft Windows Server 2003 Unsupported Installation Detection,"","","","","",""
84729,"",10,D-Critical,10.207.222.83,tcp,0,Microsoft Windows Server 2003 Unsupported Installation Detection,"","","","","",""
84729,"",10,D-Critical,10.207.222.83,tcp,0,Microsoft Windows Server 2003 Unsupported Installation Detection,"","","","","",""
84729,"",10,D-Critical,10.207.222.83,tcp,0,Microsoft Windows Server 2003 Unsupported Installation Detection,"","","","","",""
84729,"",10,D-Critical,10.207.222.83,tcp,0,Microsoft Windows Server 2003 Unsupported Installation Detection,"","","","","",""
84729,"",10,D-Critical,10.207.222.83,tcp,0,Microsoft Windows Server 2003 Unsupported Installation Detection,"","","","","",""
84729,"",10,D-Critical,10.207.222.83,tcp,0,Microsoft Windows Server 2003 Unsupported Installation Detection,"","","","","",""
84729,"",10,D-Critical,10.207.222.83,tcp,0,Microsoft Windows Server 2003 Unsupported Installation Detection,"","","","","",""
84729,"",10,D-Critical,10.207.222.83,tcp,0,Microsoft Windows Server 2003 Unsupported Installation Detection,"","","","","",""
84729,"",10,D-Critical,10.207.222.83,tcp,0,Microsoft Windows Server 2003 Unsupported Installation Detection,"","","","","",""
84729,"",10,D-Critical,10.207.222.83,tcp,0,Microsoft Windows Server 2003 Unsupported Installation Detection,"","","","","",""
84729,"",10,D-Critical,10.207.222.83,tcp,0,Microsoft Windows Server 2003 Unsupported Installation Detection,"","","","","",""
84729,"",10,D-Critical,10.207.222.83,tcp,0,Microsoft Windows Server 2003 Unsupported Installation Detection,"","","","","",""
84729,"",10,D-Critical,10.207.222.83,tcp,0,Microsoft Windows Server 2003 Unsupported Installation Detection,"","","","","",""
84729,"",10,D-Critical,10.207.222.83,tcp,0,Microsoft Windows Server 2003 Unsupported Installation Detection,"","","","","",""
84729,"",10,D-Critical,10.207.222.83,tcp,0,Microsoft Windows Server 2003 Unsupported Installation Detection,"","","","","",""
84729,"",10,D-Critical,10.207.222.83,tcp,0,Microsoft Windows Server 2003 Unsupported Installation Detection,"","","","","",""
84729,"",10,D-Critical,10.207.222.83,tcp,0,Microsoft Windows Server 2003 Unsupported Installation Detection,"","","","","",""
84729,"",10,D-Critical,10.207.222.83,tcp,0,Microsoft Windows Server 2003 Unsupported Installation Detection,"","","","","",""
84729,"",10,D-Critical,10.207.222.83,tcp,0,Microsoft Windows Server 2003 Unsupported Installation Detection,"","","","","",""
84729,"",10,D-Critical,10.207.222.83,tcp,0,Microsoft Windows Server 2003 Unsupported Installation Detection,"","","","","",""
84729,"",10,D-Critical,10.207.222.83,tcp,0,Microsoft Windows Server 2003 Unsupported Installation Detection,"","","","","",""
84729,"",10,D-Critical,10.207.222.83,tcp,0,Microsoft Windows Server 2003 Unsupported Installation Detection,"","","","","",""
84729,"",10,D-Critical,10.207.222.83,tcp,0,Microsoft Windows Server 2003 Unsupported Installation Detection,"","","","","",""
84729,"",10,D-Critical,10.207.222.83,tcp,0,Microsoft Windows Server 2003 Unsupported Installation Detection,"","","","","",""
84729,"",10,D-Critical,10.207.222.83,tcp,0,Microsoft Windows Server 2003 Unsupported Installation Detection,"","","","","",""
84729,"",10,D-Critical,10.207.222.83,tcp,0,Microsoft Windows Server 2003 Unsupported Installation Detection,"","","","","",""
84729,"",10,D-Critical,10.207.222.83,tcp,0,Microsoft Windows Server 2003 Unsupported Installation Detection,"","","","","",""
84729,"",10,D-Critical,10.207.222.83,tcp,0,Microsoft Windows Server 2003 Unsupported Installation Detection,"","","","","",""
84729,"",10,D-Critical,10.207.222.83,tcp,0,Microsoft Windows Server 2003 Unsupported Installation Detection,"","","","","",""
84729,"",10,D-Critical,10.207.222.83,tcp,0,Microsoft Windows Server 2003 Unsupported Installation Detection,"","","","","",""
84729,"",10,D-Critical,10.207.222.83,tcp,0,Microsoft Windows Server 2003 Unsupported Installation Detection,"","","","","",""
84729,"",10,D-Critical,10.207.222.83,tcp,0,Microsoft Windows Server 2003 Unsupported Installation Detection,"","","","","",""
84729,"",10,D-Critical,10.207.222.83,tcp,0,Microsoft Windows Server 2003 Unsupported Installation Detection,"","","","","",""
84729,"",10,D-Critical,10.207.222.83,tcp,0,Microsoft Windows Server 2003 Unsupported Installation Detection,"","","","","",""
84729,"",10,D-Critical,10.207.222.83,tcp,0,Microsoft Windows Server 2003 Unsupported Installation Detection,"","","","","",""
84729,"",10,D-Critical,10.207.222.83,tcp,0,Microsoft Windows Server 2003 Unsupported Installation Detection,"","","","","",""
84729,"",10,D-Critical,10.207.222.83,tcp,0,Microsoft Windows Server 2003 Unsupported Installation Detection,"","","","","",""
84729,"",10,D-Critical,10.207.222.83,tcp,0,Microsoft Windows Server 2003 Unsupported Installation Detection,"","","","","",""
84729,"",10,D-Critical,10.207.222.83,tcp,0,Microsoft Windows Server 2003 Unsupported Installation Detection,"","","","","",""
84729,"",10,D-Critical,10.207.222.83,tcp,0,Microsoft Windows Server 2003 Unsupported Installation Detection,"","","","","",""
84729,"",10,D-Critical,10.207.222.83,tcp,0,Microsoft Windows Server 2003 Unsupported Installation Detection,"","","","","",""
0,"",5.0,B-Medium,10.206.51.166,tcp,443,Multiple SSL/TLS weaknesses,"","","","","",""
1,"",5.0,B-Medium,10.206.5.181,tcp,443,Multiple SSL/TLS weaknesses,"","","","","",""
2,"",5.0,B-Medium,10.206.3.180,tcp,443,Multiple SSL/TLS weaknesses,"","","","","",""
3,"",5.0,B-Medium,10.207.222.171,tcp,443,Multiple SSL/TLS weaknesses,"","","","","",""
4,"",5.0,B-Medium,10.207.222.172,tcp,443,Multiple SSL/TLS weaknesses,"","","","","",""
5,"",5.0,B-Medium,10.207.222.176,tcp,443,Multiple SSL/TLS weaknesses,"","","","","",""
6,"",5.0,B-Medium,10.207.222.177,tcp,443,Multiple SSL/TLS weaknesses,"","","","","",""
7,"",5.0,B-Medium,10.206.5.50,tcp,443,Multiple SSL/TLS weaknesses,"","","","","",""
8,"",5.0,B-Medium,10.206.5.9,tcp,1433,Multiple SSL/TLS weaknesses,"","","","","",""
9,"",5.0,B-Medium,10.206.5.130,tcp,1433,Multiple SSL/TLS weaknesses,"","","","","",""
10,"",5.0,B-Medium,10.206.5.15,tcp,1433,Multiple SSL/TLS weaknesses,"","","","","",""
11,"",5.0,B-Medium,10.206.10.106,tcp,1434,Multiple SSL/TLS weaknesses,"","","","","",""
12,"",5.0,B-Medium,10.207.222.110,tcp,2381,Multiple SSL/TLS weaknesses,"","","","","",""
13,"",5.0,B-Medium,10.206.10.91,tcp,2381,Multiple SSL/TLS weaknesses,"","","","","",""
14,"",5.0,B-Medium,10.206.10.92,tcp,2381,Multiple SSL/TLS weaknesses,"","","","","",""
15,"",5.0,B-Medium,10.206.10.93,tcp,2381,Multiple SSL/TLS weaknesses,"","","","","",""
16,"",5.0,B-Medium,10.206.10.95,tcp,2381,Multiple SSL/TLS weaknesses,"","","","","",""
17,"",5.0,B-Medium,10.206.10.246,tcp,2381,Multiple SSL/TLS weaknesses,"","","","","",""
18,"",5.0,B-Medium,10.206.10.50,tcp,2381,Multiple SSL/TLS weaknesses,"","","","","",""
19,"",5.0,B-Medium,10.206.10.10,tcp,2381,Multiple SSL/TLS weaknesses,"","","","","",""
20,"",5.0,B-Medium,10.206.10.106,tcp,2381,Multiple SSL/TLS weaknesses,"","","","","",""
21,"",5.0,B-Medium,10.206.10.116,tcp,2381,Multiple SSL/TLS weaknesses,"","","","","",""
22,"",5.0,B-Medium,10.206.10.131,tcp,2381,Multiple SSL/TLS weaknesses,"","","","","",""
23,"",5.0,B-Medium,10.206.10.135,tcp,2381,Multiple SSL/TLS weaknesses,"","","","","",""
24,"",5.0,B-Medium,10.206.10.136,tcp,2381,Multiple SSL/TLS weaknesses,"","","","","",""
25,"",5.0,B-Medium,10.206.10.137,tcp,2381,Multiple SSL/TLS weaknesses,"","","","","",""
26,"",5.0,B-Medium,10.206.10.138,tcp,2381,Multiple SSL/TLS weaknesses,"","","","","",""
27,"",5.0,B-Medium,10.206.10.111,tcp,2381,Multiple SSL/TLS weaknesses,"","","","","",""
28,"",5.0,B-Medium,10.206.10.139,tcp,2381,Multiple SSL/TLS weaknesses,"","","","","",""
29,"",5.0,B-Medium,10.206.10.168,tcp,2381,Multiple SSL/TLS weaknesses,"","","","","",""
30,"",5.0,B-Medium,10.206.10.17,tcp,2381,Multiple SSL/TLS weaknesses,"","","","","",""
31,"",5.0,B-Medium,10.206.10.27,tcp,2381,Multiple SSL/TLS weaknesses,"","","","","",""
32,"",5.0,B-Medium,10.206.10.22,tcp,2381,Multiple SSL/TLS weaknesses,"","","","","",""
33,"",5.0,B-Medium,10.206.10.23,tcp,2381,Multiple SSL/TLS weaknesses,"","","","","",""
34,"",5.0,B-Medium,10.207.222.10,tcp,2381,Multiple SSL/TLS weaknesses,"","","","","",""
35,"",5.0,B-Medium,10.207.222.111,tcp,2381,Multiple SSL/TLS weaknesses,"","","","","",""
36,"",5.0,B-Medium,10.207.222.118,tcp,2381,Multiple SSL/TLS weaknesses,"","","","","",""
37,"",5.0,B-Medium,10.206.10.166,tcp,2381,Multiple SSL/TLS weaknesses,"","","","","",""
38,"",5.0,B-Medium,10.206.10.167,tcp,2381,Multiple SSL/TLS weaknesses,"","","","","",""
39,"",5.0,B-Medium,10.206.10.169,tcp,2381,Multiple SSL/TLS weaknesses,"","","","","",""
40,"",5.0,B-Medium,10.207.222.30,tcp,2381,Multiple SSL/TLS weaknesses,"","","","","",""
41,"",5.0,B-Medium,10.207.222.31,tcp,2381,Multiple SSL/TLS weaknesses,"","","","","",""
42,"",5.0,B-Medium,10.206.10.171,tcp,2381,Multiple SSL/TLS weaknesses,"","","","","",""
43,"",5.0,B-Medium,10.206.5.20,tcp,2433,Multiple SSL/TLS weaknesses,"","","","","",""
44,"",5.0,B-Medium,10.206.10.27,tcp,3389,Multiple SSL/TLS weaknesses,"","","","","",""
45,"",5.0,B-Medium,10.206.10.50,tcp,3389,Multiple SSL/TLS weaknesses,"","","","","",""
46,"",5.0,B-Medium,10.206.10.22,tcp,3389,Multiple SSL/TLS weaknesses,"","","","","",""
47,"",5.0,B-Medium,10.206.10.23,tcp,3389,Multiple SSL/TLS weaknesses,"","","","","",""
48,"",5.0,B-Medium,10.206.10.10,tcp,3389,Multiple SSL/TLS weaknesses,"","","","","",""
49,"",5.0,B-Medium,10.206.10.106,tcp,3389,Multiple SSL/TLS weaknesses,"","","","","",""
50,"",5.0,B-Medium,10.206.10.17,tcp,3389,Multiple SSL/TLS weaknesses,"","","","","",""
51,"",5.0,B-Medium,10.206.10.20,tcp,3389,Multiple SSL/TLS weaknesses,"","","","","",""
52,"",5.0,B-Medium,10.206.10.21,tcp,3389,Multiple SSL/TLS weaknesses,"","","","","",""
53,"",5.0,B-Medium,10.206.5.71,tcp,3389,Multiple SSL/TLS weaknesses,"","","","","",""
54,"",5.0,B-Medium,10.206.5.8,tcp,3389,Multiple SSL/TLS weaknesses,"","","","","",""
55,"",5.0,B-Medium,10.206.5.9,tcp,3389,Multiple SSL/TLS weaknesses,"","","","","",""
56,"",5.0,B-Medium,10.206.51.236,tcp,3389,Multiple SSL/TLS weaknesses,"","","","","",""
57,"",5.0,B-Medium,10.207.23.243,tcp,3389,Multiple SSL/TLS weaknesses,"","","","","",""
58,"",5.0,B-Medium,10.207.3.239,tcp,3389,Multiple SSL/TLS weaknesses,"","","","","",""
59,"",5.0,B-Medium,10.207.222.25,tcp,3389,Multiple SSL/TLS weaknesses,"","","","","",""
60,"",5.0,B-Medium,10.207.222.28,tcp,3389,Multiple SSL/TLS weaknesses,"","","","","",""
61,"",5.0,B-Medium,10.206.5.20,tcp,3389,Multiple SSL/TLS weaknesses,"","","","","",""
62,"",5.0,B-Medium,10.206.5.21,tcp,3389,Multiple SSL/TLS weaknesses,"","","","","",""
63,"",5.0,B-Medium,10.206.5.22,tcp,3389,Multiple SSL/TLS weaknesses,"","","","","",""
64,"",5.0,B-Medium,10.206.5.25,tcp,3389,Multiple SSL/TLS weaknesses,"","","","","",""
65,"",5.0,B-Medium,10.206.5.31,tcp,3389,Multiple SSL/TLS weaknesses,"","","","","",""
66,"",5.0,B-Medium,10.206.5.32,tcp,3389,Multiple SSL/TLS weaknesses,"","","","","",""
67,"",5.0,B-Medium,10.206.5.36,tcp,3389,Multiple SSL/TLS weaknesses,"","","","","",""
68,"",5.0,B-Medium,10.206.5.37,tcp,3389,Multiple SSL/TLS weaknesses,"","","","","",""
69,"",5.0,B-Medium,10.206.5.41,tcp,3389,Multiple SSL/TLS weaknesses,"","","","","",""
70,"",5.0,B-Medium,10.206.5.44,tcp,3389,Multiple SSL/TLS weaknesses,"","","","","",""
71,"",5.0,B-Medium,10.206.5.45,tcp,3389,Multiple SSL/TLS weaknesses,"","","","","",""
72,"",5.0,B-Medium,10.206.5.50,tcp,3389,Multiple SSL/TLS weaknesses,"","","","","",""
73,"",5.0,B-Medium,10.207.222.10,tcp,3389,Multiple SSL/TLS weaknesses,"","","","","",""
74,"",5.0,B-Medium,10.207.222.111,tcp,3389,Multiple SSL/TLS weaknesses,"","","","","",""
75,"",5.0,B-Medium,10.207.222.112,tcp,3389,Multiple SSL/TLS weaknesses,"","","","","",""
76,"",5.0,B-Medium,10.207.222.118,tcp,3389,Multiple SSL/TLS weaknesses,"","","","","",""
77,"",5.0,B-Medium,10.207.222.171,tcp,3389,Multiple SSL/TLS weaknesses,"","","","","",""
78,"",5.0,B-Medium,10.207.222.172,tcp,3389,Multiple SSL/TLS weaknesses,"","","","","",""
79,"",5.0,B-Medium,10.207.222.176,tcp,3389,Multiple SSL/TLS weaknesses,"","","","","",""
80,"",5.0,B-Medium,10.207.222.177,tcp,3389,Multiple SSL/TLS weaknesses,"","","","","",""
81,"",5.0,B-Medium,10.206.10.28,tcp,3389,Multiple SSL/TLS weaknesses,"","","","","",""
82,"",5.0,B-Medium,10.206.10.8,tcp,3389,Multiple SSL/TLS weaknesses,"","","","","",""
83,"",5.0,B-Medium,10.206.10.9,tcp,3389,Multiple SSL/TLS weaknesses,"","","","","",""
84,"",5.0,B-Medium,10.206.10.91,tcp,3389,Multiple SSL/TLS weaknesses,"","","","","",""
85,"",5.0,B-Medium,10.206.10.92,tcp,3389,Multiple SSL/TLS weaknesses,"","","","","",""
86,"",5.0,B-Medium,10.206.10.95,tcp,3389,Multiple SSL/TLS weaknesses,"","","","","",""
87,"",5.0,B-Medium,10.206.3.142,tcp,3389,Multiple SSL/TLS weaknesses,"","","","","",""
88,"",5.0,B-Medium,10.206.3.154,tcp,3389,Multiple SSL/TLS weaknesses,"","","","","",""
89,"",5.0,B-Medium,10.206.10.118,tcp,3389,Multiple SSL/TLS weaknesses,"","","","","",""
90,"",5.0,B-Medium,10.206.10.139,tcp,3389,Multiple SSL/TLS weaknesses,"","","","","",""
91,"",5.0,B-Medium,10.206.10.163,tcp,3389,Multiple SSL/TLS weaknesses,"","","","","",""
92,"",5.0,B-Medium,10.206.10.164,tcp,3389,Multiple SSL/TLS weaknesses,"","","","","",""
93,"",5.0,B-Medium,10.206.51.200,tcp,3389,Multiple SSL/TLS weaknesses,"","","","","",""
94,"",5.0,B-Medium,10.206.3.180,tcp,3389,Multiple SSL/TLS weaknesses,"","","","","",""
95,"",5.0,B-Medium,10.206.5.110,tcp,3389,Multiple SSL/TLS weaknesses,"","","","","",""
96,"",5.0,B-Medium,10.206.5.121,tcp,3389,Multiple SSL/TLS weaknesses,"","","","","",""
97,"",5.0,B-Medium,10.206.5.122,tcp,3389,Multiple SSL/TLS weaknesses,"","","","","",""
98,"",5.0,B-Medium,10.206.5.123,tcp,3389,Multiple SSL/TLS weaknesses,"","","","","",""
99,"",5.0,B-Medium,10.206.5.124,tcp,3389,Multiple SSL/TLS weaknesses,"","","","","",""
100,"",5.0,B-Medium,10.206.5.130,tcp,3389,Multiple SSL/TLS weaknesses,"","","","","",""
101,"",5.0,B-Medium,10.206.5.15,tcp,3389,Multiple SSL/TLS weaknesses,"","","","","",""
102,"",5.0,B-Medium,10.206.5.150,tcp,3389,Multiple SSL/TLS weaknesses,"","","","","",""
103,"",5.0,B-Medium,10.206.5.151,tcp,3389,Multiple SSL/TLS weaknesses,"","","","","",""
104,"",5.0,B-Medium,10.206.5.166,tcp,3389,Multiple SSL/TLS weaknesses,"","","","","",""
105,"",5.0,B-Medium,10.207.222.30,tcp,3389,Multiple SSL/TLS weaknesses,"","","","","",""
106,"",5.0,B-Medium,10.207.222.31,tcp,3389,Multiple SSL/TLS weaknesses,"","","","","",""
107,"",5.0,B-Medium,10.207.222.36,tcp,3389,Multiple SSL/TLS weaknesses,"","","","","",""
108,"",5.0,B-Medium,10.207.222.11,tcp,3389,Multiple SSL/TLS weaknesses,"","","","","",""
109,"",5.0,B-Medium,10.207.222.12,tcp,3389,Multiple SSL/TLS weaknesses,"","","","","",""
110,"",5.0,B-Medium,10.207.222.15,tcp,3389,Multiple SSL/TLS weaknesses,"","","","","",""
111,"",5.0,B-Medium,10.206.10.246,tcp,3389,Multiple SSL/TLS weaknesses,"","","","","",""
112,"",5.0,B-Medium,10.206.10.16,tcp,3389,Multiple SSL/TLS weaknesses,"","","","","",""
113,"",5.0,B-Medium,10.206.10.170,tcp,3389,Multiple SSL/TLS weaknesses,"","","","","",""
114,"",5.0,B-Medium,10.206.10.19,tcp,3389,Multiple SSL/TLS weaknesses,"","","","","",""
115,"",5.0,B-Medium,10.206.5.70,tcp,3389,Multiple SSL/TLS weaknesses,"","","","","",""
116,"",5.0,B-Medium,10.207.222.188,tcp,3389,Multiple SSL/TLS weaknesses,"","","","","",""
117,"",5.0,B-Medium,10.207.222.57,tcp,3389,Multiple SSL/TLS weaknesses,"","","","","",""
118,"",5.0,B-Medium,10.206.5.181,tcp,3389,Multiple SSL/TLS weaknesses,"","","","","",""
119,"",5.0,B-Medium,110.206.5.20,tcp,3389,Multiple SSL/TLS weaknesses,"","","","","",""
120,"",5.0,B-Medium,10.207.222.31,tcp,2757,Multiple SSL/TLS weaknesses,"","","","","",""
121,"",5.0,B-Medium,10.206.10.95,tcp,2757,Multiple SSL/TLS weaknesses,"","","","","",""
122,"",5.0,B-Medium,10.206.10.17,tcp,5501,Multiple SSL/TLS weaknesses,"","","","","",""
123,"",5.0,B-Medium,10.206.5.150,tcp,5556,Multiple SSL/TLS weaknesses,"","","","","",""
124,"",5.0,B-Medium,10.206.5.166,tcp,5556,Multiple SSL/TLS weaknesses,"","","","","",""
125,"",5.0,B-Medium,10.206.5.50,tcp,8443,Multiple SSL/TLS weaknesses,"","","","","",""
126,"",5.0,B-Medium,10.207.222.145,tcp,58797,Multiple SSL/TLS weaknesses,"","","","","",""
127,"",5.0,B-Medium,10.206.10.27,tcp,58797,Multiple SSL/TLS weaknesses,"","","","","",""
128,"",5.0,B-Medium,10.206.10.93,tcp,58797,Multiple SSL/TLS weaknesses,"","","","","",""
129,"",5.0,B-Medium,10.206.10.95,tcp,58797,Multiple SSL/TLS weaknesses,"","","","","",""
130,"",5.0,B-Medium,10.206.10.23,tcp,58797,Multiple SSL/TLS weaknesses,"","","","","",""
44078,"",7.5,C-High,10.206.10.106,tcp,22,OpenSSH Version Affected By Multiple Vulnerabilities,"","","","","",""
55786,"",10,D-Critical,10.206.5.70,tcp,1521,Oracle Database Unsupported Version Detection,"","","","","",""
55786,"",10,D-Critical,10.206.5.70,tcp,1521,Oracle Database Unsupported Version Detection,"","","","","",""
55786,"",10,D-Critical,10.206.5.70,tcp,1521,Oracle Database Unsupported Version Detection,"","","","","",""
69552,"",7.5,C-High,10.206.5.151,tcp,1521,Oracle TNS Listener Remote Poisoning,"","","","","",""
69552,"",7.5,C-High,10.206.5.151,tcp,1521,Oracle TNS Listener Remote Poisoning,"","","","","",""
69552,"",7.5,C-High,10.206.5.151,tcp,1521,Oracle TNS Listener Remote Poisoning,"","","","","",""
69552,"",7.5,C-High,10.206.5.151,tcp,1521,Oracle TNS Listener Remote Poisoning,"","","","","",""
69552,"",7.5,C-High,10.206.5.151,tcp,1521,Oracle TNS Listener Remote Poisoning,"","","","","",""
57608,"",5,B-Medium,10.207.222.83,tcp,445,SMB Signing Disabled,"","","","","",""
57608,"",5,B-Medium,10.207.222.83,tcp,445,SMB Signing Disabled,"","","","","",""
57608,"",5,B-Medium,10.207.222.83,tcp,445,SMB Signing Disabled,"","","","","",""
57608,"",5,B-Medium,10.207.222.83,tcp,445,SMB Signing Disabled,"","","","","",""
57608,"",5,B-Medium,10.207.222.83,tcp,445,SMB Signing Disabled,"","","","","",""
57608,"",5,B-Medium,10.207.222.83,tcp,445,SMB Signing Disabled,"","","","","",""
57608,"",5,B-Medium,10.207.222.83,tcp,445,SMB Signing Disabled,"","","","","",""
57608,"",5,B-Medium,10.207.222.83,tcp,445,SMB Signing Disabled,"","","","","",""
57608,"",5,B-Medium,10.207.222.83,tcp,445,SMB Signing Disabled,"","","","","",""
57608,"",5,B-Medium,10.207.222.83,tcp,445,SMB Signing Disabled,"","","","","",""
57608,"",5,B-Medium,10.207.222.83,tcp,445,SMB Signing Disabled,"","","","","",""
57608,"",5,B-Medium,10.207.222.83,tcp,445,SMB Signing Disabled,"","","","","",""
57608,"",5,B-Medium,10.207.222.83,tcp,445,SMB Signing Disabled,"","","","","",""
57608,"",5,B-Medium,10.207.222.83,tcp,445,SMB Signing Disabled,"","","","","",""
57608,"",5,B-Medium,10.207.222.83,tcp,445,SMB Signing Disabled,"","","","","",""
57608,"",5,B-Medium,10.207.222.83,tcp,445,SMB Signing Disabled,"","","","","",""
57608,"",5,B-Medium,10.207.222.83,tcp,445,SMB Signing Disabled,"","","","","",""
57608,"",5,B-Medium,10.207.222.83,tcp,445,SMB Signing Disabled,"","","","","",""
57608,"",5,B-Medium,10.207.222.83,tcp,445,SMB Signing Disabled,"","","","","",""
57608,"",5,B-Medium,10.207.222.83,tcp,445,SMB Signing Disabled,"","","","","",""
57608,"",5,B-Medium,10.207.222.83,tcp,445,SMB Signing Disabled,"","","","","",""
57608,"",5,B-Medium,10.207.222.83,tcp,445,SMB Signing Disabled,"","","","","",""
57608,"",5,B-Medium,10.207.222.83,tcp,445,SMB Signing Disabled,"","","","","",""
57608,"",5,B-Medium,10.207.222.83,tcp,445,SMB Signing Disabled,"","","","","",""
57608,"",5,B-Medium,10.207.222.83,tcp,445,SMB Signing Disabled,"","","","","",""
57608,"",5,B-Medium,10.207.222.83,tcp,445,SMB Signing Disabled,"","","","","",""
57608,"",5,B-Medium,10.207.222.83,tcp,445,SMB Signing Disabled,"","","","","",""
57608,"",5,B-Medium,10.207.222.83,tcp,445,SMB Signing Disabled,"","","","","",""
57608,"",5,B-Medium,10.207.222.83,tcp,445,SMB Signing Disabled,"","","","","",""
57608,"",5,B-Medium,10.207.222.83,tcp,445,SMB Signing Disabled,"","","","","",""
57608,"",5,B-Medium,10.207.222.83,tcp,445,SMB Signing Disabled,"","","","","",""
57608,"",5,B-Medium,10.207.222.83,tcp,445,SMB Signing Disabled,"","","","","",""
57608,"",5,B-Medium,10.207.222.83,tcp,445,SMB Signing Disabled,"","","","","",""
57608,"",5,B-Medium,10.207.222.83,tcp,445,SMB Signing Disabled,"","","","","",""
57608,"",5,B-Medium,10.207.222.83,tcp,445,SMB Signing Disabled,"","","","","",""
57608,"",5,B-Medium,10.207.222.83,tcp,445,SMB Signing Disabled,"","","","","",""
57608,"",5,B-Medium,10.207.222.83,tcp,445,SMB Signing Disabled,"","","","","",""
57608,"",5,B-Medium,10.207.222.83,tcp,445,SMB Signing Disabled,"","","","","",""
57608,"",5,B-Medium,10.207.222.83,tcp,445,SMB Signing Disabled,"","","","","",""
57608,"",5,B-Medium,10.207.222.83,tcp,445,SMB Signing Disabled,"","","","","",""
57608,"",5,B-Medium,10.207.222.83,tcp,445,SMB Signing Disabled,"","","","","",""
57608,"",5,B-Medium,10.207.222.83,tcp,445,SMB Signing Disabled,"","","","","",""
57608,"",5,B-Medium,10.207.222.83,tcp,445,SMB Signing Disabled,"","","","","",""
57608,"",5,B-Medium,10.207.222.83,tcp,445,SMB Signing Disabled,"","","","","",""
57608,"",5,B-Medium,10.207.222.83,tcp,445,SMB Signing Disabled,"","","","","",""
57608,"",5,B-Medium,10.207.222.83,tcp,445,SMB Signing Disabled,"","","","","",""
57608,"",5,B-Medium,10.207.222.83,tcp,445,SMB Signing Disabled,"","","","","",""
57608,"",5,B-Medium,10.207.222.83,tcp,445,SMB Signing Disabled,"","","","","",""
57608,"",5,B-Medium,10.207.222.83,tcp,445,SMB Signing Disabled,"","","","","",""
57608,"",5,B-Medium,10.207.222.83,tcp,445,SMB Signing Disabled,"","","","","",""
57608,"",5,B-Medium,10.207.222.83,tcp,445,SMB Signing Disabled,"","","","","",""
57608,"",5,B-Medium,10.207.222.83,tcp,445,SMB Signing Disabled,"","","","","",""
57608,"",5,B-Medium,10.207.222.83,tcp,445,SMB Signing Disabled,"","","","","",""
57608,"",5,B-Medium,10.207.222.83,tcp,445,SMB Signing Disabled,"","","","","",""
57608,"",5,B-Medium,10.207.222.83,tcp,445,SMB Signing Disabled,"","","","","",""
57608,"",5,B-Medium,10.207.222.83,tcp,445,SMB Signing Disabled,"","","","","",""
57608,"",5,B-Medium,10.207.222.83,tcp,445,SMB Signing Disabled,"","","","","",""
57608,"",5,B-Medium,10.207.222.83,tcp,445,SMB Signing Disabled,"","","","","",""
57608,"",5,B-Medium,10.207.222.83,tcp,445,SMB Signing Disabled,"","","","","",""
57608,"",5,B-Medium,10.207.222.83,tcp,445,SMB Signing Disabled,"","","","","",""
57608,"",5,B-Medium,10.207.222.83,tcp,445,SMB Signing Disabled,"","","","","",""
57608,"",5,B-Medium,10.207.222.83,tcp,445,SMB Signing Disabled,"","","","","",""
57608,"",5,B-Medium,10.207.222.83,tcp,445,SMB Signing Disabled,"","","","","",""
57608,"",5,B-Medium,10.207.222.83,tcp,445,SMB Signing Disabled,"","","","","",""
57608,"",5,B-Medium,10.207.222.83,tcp,445,SMB Signing Disabled,"","","","","",""
57608,"",5,B-Medium,10.207.222.83,tcp,445,SMB Signing Disabled,"","","","","",""
57608,"",5,B-Medium,10.207.222.83,tcp,445,SMB Signing Disabled,"","","","","",""
57608,"",5,B-Medium,10.207.222.83,tcp,445,SMB Signing Disabled,"","","","","",""
57608,"",5,B-Medium,10.207.222.83,tcp,445,SMB Signing Disabled,"","","","","",""
57608,"",5,B-Medium,10.207.222.83,tcp,445,SMB Signing Disabled,"","","","","",""
57608,"",5,B-Medium,10.207.222.83,tcp,445,SMB Signing Disabled,"","","","","",""
57608,"",5,B-Medium,10.207.222.83,tcp,445,SMB Signing Disabled,"","","","","",""
57608,"",5,B-Medium,10.207.222.83,tcp,445,SMB Signing Disabled,"","","","","",""
57608,"",5,B-Medium,10.207.222.83,tcp,445,SMB Signing Disabled,"","","","","",""
57608,"",5,B-Medium,10.207.222.83,tcp,445,SMB Signing Disabled,"","","","","",""
57608,"",5,B-Medium,10.207.222.83,tcp,445,SMB Signing Disabled,"","","","","",""
57608,"",5,B-Medium,10.207.222.83,tcp,445,SMB Signing Disabled,"","","","","",""
57608,"",5,B-Medium,10.207.222.83,tcp,445,SMB Signing Disabled,"","","","","",""
57608,"",5,B-Medium,10.207.222.83,tcp,445,SMB Signing Disabled,"","","","","",""
57608,"",5,B-Medium,10.207.222.83,tcp,445,SMB Signing Disabled,"","","","","",""
57608,"",5,B-Medium,10.207.222.83,tcp,445,SMB Signing Disabled,"","","","","",""
57608,"",5,B-Medium,10.207.222.83,tcp,445,SMB Signing Disabled,"","","","","",""
57608,"",5,B-Medium,10.207.222.83,tcp,445,SMB Signing Disabled,"","","","","",""
57608,"",5,B-Medium,10.207.222.83,tcp,445,SMB Signing Disabled,"","","","","",""
57608,"",5,B-Medium,10.207.222.83,tcp,445,SMB Signing Disabled,"","","","","",""
57608,"",5,B-Medium,10.207.222.83,tcp,445,SMB Signing Disabled,"","","","","",""
57608,"",5,B-Medium,10.207.222.83,tcp,445,SMB Signing Disabled,"","","","","",""
57608,"",5,B-Medium,10.207.222.83,tcp,445,SMB Signing Disabled,"","","","","",""
57608,"",5,B-Medium,10.207.222.83,tcp,445,SMB Signing Disabled,"","","","","",""
57608,"",5,B-Medium,10.207.222.83,tcp,445,SMB Signing Disabled,"","","","","",""
57608,"",5,B-Medium,10.207.222.83,tcp,445,SMB Signing Disabled,"","","","","",""
57608,"",5,B-Medium,10.207.222.83,tcp,445,SMB Signing Disabled,"","","","","",""
57608,"",5,B-Medium,10.207.222.83,tcp,445,SMB Signing Disabled,"","","","","",""
57608,"",5,B-Medium,10.207.222.83,tcp,445,SMB Signing Disabled,"","","","","",""
57608,"",5,B-Medium,10.207.222.83,tcp,445,SMB Signing Disabled,"","","","","",""
57608,"",5,B-Medium,10.207.222.83,tcp,445,SMB Signing Disabled,"","","","","",""
57608,"",5,B-Medium,10.207.222.83,tcp,445,SMB Signing Disabled,"","","","","",""
57608,"",5,B-Medium,10.207.222.83,tcp,445,SMB Signing Disabled,"","","","","",""
57608,"",5,B-Medium,10.207.222.83,tcp,445,SMB Signing Disabled,"","","","","",""
57608,"",5,B-Medium,10.207.222.83,tcp,445,SMB Signing Disabled,"","","","","",""
57608,"",5,B-Medium,10.207.222.83,tcp,445,SMB Signing Disabled,"","","","","",""
57608,"",5,B-Medium,10.207.222.83,tcp,445,SMB Signing Disabled,"","","","","",""
57608,"",5,B-Medium,10.207.222.83,tcp,445,SMB Signing Disabled,"","","","","",""
57608,"",5,B-Medium,10.207.222.83,tcp,445,SMB Signing Disabled,"","","","","",""
57608,"",5,B-Medium,10.207.222.83,tcp,445,SMB Signing Disabled,"","","","","",""
57608,"",5,B-Medium,10.207.222.83,tcp,445,SMB Signing Disabled,"","","","","",""
57608,"",5,B-Medium,10.207.222.83,tcp,445,SMB Signing Disabled,"","","","","",""
57608,"",5,B-Medium,10.207.222.83,tcp,445,SMB Signing Disabled,"","","","","",""
57608,"",5,B-Medium,10.207.222.83,tcp,445,SMB Signing Disabled,"","","","","",""
57608,"",5,B-Medium,10.207.222.83,tcp,445,SMB Signing Disabled,"","","","","",""
57608,"",5,B-Medium,10.207.222.83,tcp,445,SMB Signing Disabled,"","","","","",""
57608,"",5,B-Medium,10.207.222.83,tcp,445,SMB Signing Disabled,"","","","","",""
57608,"",5,B-Medium,10.207.222.83,tcp,445,SMB Signing Disabled,"","","","","",""
57608,"",5,B-Medium,10.207.222.83,tcp,445,SMB Signing Disabled,"","","","","",""
57608,"",5,B-Medium,10.207.222.83,tcp,445,SMB Signing Disabled,"","","","","",""
57608,"",5,B-Medium,10.207.222.83,tcp,445,SMB Signing Disabled,"","","","","",""
57608,"",5,B-Medium,10.207.222.83,tcp,445,SMB Signing Disabled,"","","","","",""
57608,"",5,B-Medium,10.207.222.83,tcp,445,SMB Signing Disabled,"","","","","",""
57608,"",5,B-Medium,10.207.222.83,tcp,445,SMB Signing Disabled,"","","","","",""
57608,"",5,B-Medium,10.207.222.83,tcp,445,SMB Signing Disabled,"","","","","",""
57608,"",5,B-Medium,10.207.222.83,tcp,445,SMB Signing Disabled,"","","","","",""
57608,"",5,B-Medium,10.207.222.83,tcp,445,SMB Signing Disabled,"","","","","",""
57608,"",5,B-Medium,10.207.222.83,tcp,445,SMB Signing Disabled,"","","","","",""
57608,"",5,B-Medium,10.207.222.83,tcp,445,SMB Signing Disabled,"","","","","",""
57608,"",5,B-Medium,10.207.222.83,tcp,445,SMB Signing Disabled,"","","","","",""
57608,"",5,B-Medium,10.207.222.83,tcp,445,SMB Signing Disabled,"","","","","",""
57608,"",5,B-Medium,10.207.222.83,tcp,445,SMB Signing Disabled,"","","","","",""
57608,"",5,B-Medium,10.207.222.83,tcp,445,SMB Signing Disabled,"","","","","",""
57608,"",5,B-Medium,10.207.222.83,tcp,445,SMB Signing Disabled,"","","","","",""
57608,"",5,B-Medium,10.207.222.83,tcp,445,SMB Signing Disabled,"","","","","",""
57608,"",5,B-Medium,10.207.222.83,tcp,445,SMB Signing Disabled,"","","","","",""
57608,"",5,B-Medium,10.207.222.83,tcp,445,SMB Signing Disabled,"","","","","",""
57608,"",5,B-Medium,10.207.222.83,tcp,445,SMB Signing Disabled,"","","","","",""
57608,"",5,B-Medium,10.207.222.83,tcp,445,SMB Signing Disabled,"","","","","",""
56211,"",5,B-Medium,10.207.222.56,tcp,445,SMB Use Host SID to Enumerate Local Users Without Credentials,"","","","","",""
56211,"",5,B-Medium,10.207.222.56,tcp,445,SMB Use Host SID to Enumerate Local Users Without Credentials,"","","","","",""
56211,"",5,B-Medium,10.207.222.56,tcp,445,SMB Use Host SID to Enumerate Local Users Without Credentials,"","","","","",""
56211,"",5,B-Medium,10.207.222.56,tcp,445,SMB Use Host SID to Enumerate Local Users Without Credentials,"","","","","",""
41028,"",7.5,C-High,10.206.10.107,udp,161,SNMP Agent Default Community Name (public),"","","","","",""
42263,"",5.8,B-Medium,10.207.13.250,tcp,23,Unencrypted Telnet Server,"","","","","",""
42263,"",5.8,B-Medium,10.207.13.250,tcp,23,Unencrypted Telnet Server,"","","","","",""
42263,"",5.8,B-Medium,10.207.13.250,tcp,23,Unencrypted Telnet Server,"","","","","",""
42263,"",5.8,B-Medium,10.207.13.250,tcp,23,Unencrypted Telnet Server,"","","","","",""
42263,"",5.8,B-Medium,10.207.13.250,tcp,23,Unencrypted Telnet Server,"","","","","",""
42263,"",5.8,B-Medium,10.207.13.250,tcp,23,Unencrypted Telnet Server,"","","","","",""
34460,"",7.5,C-High,10.207.222.56,tcp,80,Unsupported Web Server Detection,"","","","","",""
34460,"",7.5,C-High,10.207.222.56,tcp,80,Unsupported Web Server Detection,"","","","","",""
81146,"",10,D-Critical,10.207.222.145,tcp,443,VMware vCenter Multiple Vulnerabilities,"","","","","",""
81146,"",10,D-Critical,10.207.222.145,tcp,443,VMware vCenter Multiple Vulnerabilities,"","","","","",""
81146,"",10,D-Critical,10.207.222.145,tcp,443,VMware vCenter Multiple Vulnerabilities,"","","","","",""
81146,"",10,D-Critical,10.207.222.145,tcp,443,VMware vCenter Multiple Vulnerabilities,"","","","","",""
51368,"",7.5,C-High,10.206.51.236,tcp,3260,iSCSI Unauthenticated Target Detection,"","","","","",""
